datetimeUtc,pm1,pm25,relativehumidity,temperature,um003,datetimeLocal,local_hour,local_weekday,pm25_to_pm1,hour_sin,hour_cos,weekday_sin,weekday_cos,cluster
2025-11-17 10:00:00+00:00,24.385999997456867,37.99183324178059,35.96299978892009,26.098333168029782,1433.3083333333334,2025-11-17T15:45:00+05:45,15.75,0,1.5579362439819007,-0.8314696123025452,-0.5555702330196022,0.0,1.0,0
2025-11-17 11:00:00+00:00,21.28100001017253,32.78049996693929,36.886833318074544,25.231499989827476,1136.1505065917968,2025-11-17T16:45:00+05:45,16.75,0,1.5403646422287431,-0.9469301294951056,-0.3214394653031618,0.0,1.0,0
2025-11-17 12:00:00+00:00,23.0721666653951,37.175,40.10233364105225,23.94700002670288,1324.0494954427083,2025-11-17T17:45:00+05:45,17.75,0,1.6112487630282726,-0.9978589232386035,-0.06540312923014273,0.0,1.0,0
2025-11-17 13:00:00+00:00,24.23950001398722,38.20849990844727,42.73899981180826,23.12966664632161,1446.168994140625,2025-11-17T18:45:00+05:45,18.75,0,1.5762907603869447,-0.9807852804032304,0.1950903220161283,0.0,1.0,0
2025-11-17 14:00:00+00:00,34.002833334604894,52.44749984741211,43.43583342234294,22.648166624704995,2459.722005208333,2025-11-17T19:45:00+05:45,19.75,0,1.5424449877838846,-0.8968727415326884,0.442288690219001,0.0,1.0,0
2025-11-17 15:00:00+00:00,54.21916681925455,84.94499969482423,45.27333329518636,21.8789999961853,4011.1368164062496,2025-11-17T20:45:00+05:45,20.75,0,1.5666968837421933,-0.7518398074789772,0.6593458151000691,0.0,1.0,1
2025-11-17 16:00:00+00:00,53.469000244140624,84.97166697184245,47.080333646138506,21.105666700998945,3960.363997395833,2025-11-17T21:45:00+05:45,21.75,0,1.5891762812818635,-0.555570233019603,0.8314696123025447,0.0,1.0,1
2025-11-17 17:00:00+00:00,45.58583348592122,72.92816645304362,47.76433347066243,20.587499777475998,3397.9888346354164,2025-11-17T22:45:00+05:45,22.75,0,1.5997989040952127,-0.32143946530316186,0.9469301294951056,0.0,1.0,1
2025-11-17 18:00:00+00:00,35.60016657511394,56.56949996948243,48.35916684468588,20.09616664250692,2660.211490885417,2025-11-17T23:45:00+05:45,23.75,0,1.5890234628572486,-0.0654031292301428,0.9978589232386035,0.0,1.0,1
2025-11-17 19:00:00+00:00,35.21416651407878,55.052500152587896,49.16833337148031,19.63716678619385,2627.613671875,2025-11-18T00:45:00+05:45,0.75,1,1.563362294279425,0.19509032201612825,0.9807852804032304,0.7818314824680298,0.6234898018587336,1
2025-11-17 20:00:00+00:00,36.794499969482416,57.38649978637695,49.70433349609376,19.24416672388713,2745.3775065104164,2025-11-18T01:45:00+05:45,1.75,1,1.55964885605114,0.44228869021900125,0.8968727415326884,0.7818314824680298,0.6234898018587336,1
2025-11-17 21:00:00+00:00,41.93850021362305,65.09716669718425,49.991166877746586,18.935833168029784,3132.691666666666,2025-11-18T02:45:00+05:45,2.75,1,1.5522054047139835,0.6593458151000688,0.7518398074789774,0.7818314824680298,0.6234898018587336,1
2025-11-17 22:00:00+00:00,42.266666698455815,65.47216669718425,50.32716655731201,18.56116679509481,3122.7636718750005,2025-11-18T03:45:00+05:45,3.75,1,1.5490260247935812,0.8314696123025451,0.5555702330196024,0.7818314824680298,0.6234898018587336,1
2025-11-17 23:00:00+00:00,34.80300003687541,55.51933339436849,50.82800013224284,18.16650037765503,2522.3834960937497,2025-11-18T04:45:00+05:45,4.75,1,1.5952456206517585,0.9469301294951056,0.3214394653031617,0.7818314824680298,0.6234898018587336,1
2025-11-18 00:00:00+00:00,33.105833276112875,51.84749984741212,50.96166655222576,17.937166531880695,2383.95234375,2025-11-18T05:45:00+05:45,5.75,1,1.5661137242789798,0.9978589232386035,0.06540312923014327,0.7818314824680298,0.6234898018587336,1
2025-11-18 01:00:00+00:00,38.05816675821941,58.58349990844726,50.85183340708415,17.692833423614502,2848.2970052083333,2025-11-18T06:45:00+05:45,6.75,1,1.539314814626351,0.9807852804032304,-0.1950903220161282,0.7818314824680298,0.6234898018587336,1
2025-11-18 02:00:00+00:00,47.788833363850905,74.28050003051759,50.50000000000001,18.329000091552736,3570.0053385416663,2025-11-18T07:45:00+05:45,7.75,1,1.554348470174329,0.8968727415326884,-0.44228869021900113,0.7818314824680298,0.6234898018587336,1
2025-11-18 03:00:00+00:00,66.00800018310547,102.90533345540364,44.92333335876464,21.71666669845581,4848.147330729166,2025-11-18T08:45:00+05:45,8.75,1,1.558982747090434,0.7518398074789774,-0.6593458151000688,0.7818314824680298,0.6234898018587336,1
2025-11-18 04:00:00+00:00,54.01366678873698,85.25583318074546,38.28316688537598,25.467999998728438,4005.905826822917,2025-11-18T09:45:00+05:45,9.75,1,1.5784122472967,0.5555702330196025,-0.831469612302545,0.7818314824680298,0.6234898018587336,1
2025-11-18 06:00:00+00:00,31.52750015258789,49.31916681925456,29.456833362579346,30.90283342997233,2223.0199930826825,2025-11-18T11:45:00+05:45,11.75,1,1.564322149886859,0.06540312923014312,-0.9978589232386035,0.7818314824680298,0.6234898018587336,0
2025-11-18 07:00:00+00:00,26.03066670099894,40.13583348592123,27.671999963124595,30.91033312479654,1623.7693339029947,2025-11-18T12:45:00+05:45,12.75,1,1.541867288569332,-0.19509032201612792,-0.9807852804032305,0.7818314824680298,0.6234898018587336,0
2025-11-18 08:00:00+00:00,23.519500001271567,36.01933307647705,28.691625006993608,29.87766666412353,1382.4304560343426,2025-11-18T13:45:00+05:45,13.75,1,1.5314667860511357,-0.44228869021900147,-0.8968727415326883,0.7818314824680298,0.6234898018587336,0
2025-11-18 09:00:00+00:00,19.50970831712087,31.263041464487717,31.50783332188924,27.654499999682105,1132.8288752237956,2025-11-18T14:45:00+05:45,14.75,1,1.6024351034019628,-0.6593458151000688,-0.7518398074789774,0.7818314824680298,0.6234898018587336,0
2025-11-18 10:00:00+00:00,11.220666662851968,23.25545833110809,32.14045810699464,26.46383337974548,784.9411242167156,2025-11-18T15:45:00+05:45,15.75,1,2.072555849831941,-0.8314696123025452,-0.5555702330196022,0.7818314824680298,0.6234898018587336,0
2025-11-18 11:00:00+00:00,14.290333334604895,25.731041677792863,35.276416619618736,25.426416667302448,858.7477912902832,2025-11-18T16:45:00+05:45,16.75,1,1.8005907262837326,-0.9469301294951056,-0.3214394653031618,0.7818314824680298,0.6234898018587336,0
2025-11-18 12:00:00+00:00,20.727499993642173,31.960833326975504,41.86333344777426,24.12033335367839,1113.7446685791017,2025-11-18T17:45:00+05:45,17.75,1,1.5419531220252791,-0.9978589232386035,-0.06540312923014273,0.7818314824680298,0.6234898018587336,0
2025-11-18 13:00:00+00:00,26.379666694005333,40.57383324305216,44.247000090281176,23.29399983088176,1668.5035064697263,2025-11-18T18:45:00+05:45,18.75,1,1.5380722476024455,-0.9807852804032304,0.1950903220161283,0.7818314824680298,0.6234898018587336,0
2025-11-18 14:00:00+00:00,30.5329999923706,46.8745002746582,44.96733341217041,22.908666642506915,2053.4440002441406,2025-11-18T19:45:00+05:45,19.75,1,1.5352078173245642,-0.8968727415326884,0.442288690219001,0.7818314824680298,0.6234898018587336,0
2025-11-18 15:00:00+00:00,52.49294440216489,80.7341245651245,46.88574997584025,22.248444467120702,3819.289200168185,2025-11-18T20:45:00+05:45,20.75,1,1.5379995442167445,-0.7518398074789772,0.6593458151000691,0.7818314824680298,0.6234898018587336,1
2025-11-18 16:00:00+00:00,46.01195824940999,71.20145829518636,46.158791526158645,21.48541669050853,3404.5704508463546,2025-11-18T21:45:00+05:45,21.75,1,1.5474555094837625,-0.555570233019603,0.8314696123025447,0.7818314824680298,0.6234898018587336,1
2025-11-18 17:00:00+00:00,37.62666651407877,58.57087497711181,46.97399997711182,20.815708327293397,2837.203963216145,2025-11-18T22:45:00+05:45,22.75,1,1.5566320485817244,-0.32143946530316186,0.9469301294951056,0.7818314824680298,0.6234898018587336,1
2025-11-18 18:00:00+00:00,40.33600006103516,63.89683354695638,48.45449981689453,20.2633334795634,3020.6001627604164,2025-11-18T23:45:00+05:45,23.75,1,1.5841142763355245,-0.0654031292301428,0.9978589232386035,0.7818314824680298,0.6234898018587336,1
2025-11-18 19:00:00+00:00,43.02716700236002,67.59166666666667,49.34783344268799,19.853833389282222,3215.677506510417,2025-11-19T00:45:00+05:45,0.75,2,1.5709067404544506,0.19509032201612825,0.9807852804032304,0.9749279121818236,-0.22252093395631434,1
2025-11-18 20:00:00+00:00,46.4163335164388,72.29400024414063,49.71650034586589,19.53550014495849,3486.438834635417,2025-11-19T01:45:00+05:45,1.75,2,1.5575120817876968,0.44228869021900125,0.8968727415326884,0.9749279121818236,-0.22252093395631434,1
2025-11-18 21:00:00+00:00,55.97216669718424,90.30283330281576,50.06633351643881,19.201666641235352,4174.3056640625,2025-11-19T02:45:00+05:45,2.75,2,1.613352468403882,0.6593458151000688,0.7518398074789774,0.9749279121818236,-0.22252093395631434,1
2025-11-18 22:00:00+00:00,45.305833180745445,71.16383336385091,50.1674997329712,18.83466631571452,3370.022005208333,2025-11-19T03:45:00+05:45,3.75,2,1.5707432877339707,0.8314696123025451,0.5555702330196024,0.9749279121818236,-0.22252093395631434,1
2025-11-18 23:00:00+00:00,34.61900030771891,53.34449996948243,50.54325005213419,18.56416680018107,2537.9371744791665,2025-11-19T04:45:00+05:45,4.75,2,1.5409023800605917,0.9469301294951056,0.3214394653031617,0.9749279121818236,-0.22252093395631434,1
2025-11-19 00:00:00+00:00,33.34138904147678,50.86163885328504,50.75183349185519,18.259222274356414,2425.0344889322914,2025-11-19T05:45:00+05:45,5.75,2,1.5254805008277554,0.9978589232386035,0.06540312923014327,0.9749279121818236,-0.22252093395631434,1
2025-11-19 01:00:00+00:00,44.90849990844728,66.95266672770182,50.84833342234294,18.042666753133137,3352.9221679687503,2025-11-19T06:45:00+05:45,6.75,2,1.4908684739903333,0.9807852804032304,-0.1950903220161282,0.9749279121818236,-0.22252093395631434,1
2025-11-19 02:00:00+00:00,49.275,74.43300018310548,50.165666516621904,19.00366662343343,3649.005826822916,2025-11-19T07:45:00+05:45,7.75,2,1.510563169621623,0.8968727415326884,-0.44228869021900113,0.9749279121818236,-0.22252093395631434,1
2025-11-19 03:00:00+00:00,48.16462497711182,72.89605568779838,43.90544453726875,22.15048614078098,3553.73059624566,2025-11-19T08:45:00+05:45,8.75,2,1.5134770741480728,0.7518398074789774,-0.6593458151000688,0.9749279121818236,-0.22252093395631434,1
2025-11-19 04:00:00+00:00,37.22400042215983,57.24343047671848,38.85148607359992,25.31327786445618,2781.063555230035,2025-11-19T09:45:00+05:45,9.75,2,1.537809741766521,0.5555702330196025,-0.831469612302545,0.9749279121818236,-0.22252093395631434,0
2025-11-19 05:00:00+00:00,33.83533369700114,51.56966654459635,34.395166683197026,28.426833375295008,2457.534149169922,2025-11-19T10:45:00+05:45,10.75,2,1.524136484256605,0.32143946530316175,-0.9469301294951056,0.9749279121818236,-0.22252093395631434,0
2025-11-19 06:00:00+00:00,27.21666676203409,41.41966660817464,30.445999908447263,30.327000109354657,1724.494659423828,2025-11-19T11:45:00+05:45,11.75,2,1.521849349529937,0.06540312923014312,-0.9978589232386035,0.9749279121818236,-0.22252093395631434,0
2025-11-19 07:00:00+00:00,21.99473611248864,32.96237504747179,28.69380548000336,30.121166600121388,1209.700835164388,2025-11-19T12:45:00+05:45,12.75,2,1.4986483529009338,-0.19509032201612792,-0.9807852804032305,0.9749279121818236,-0.22252093395631434,0
2025-11-19 08:00:00+00:00,22.30300000508626,33.56399993896485,29.0174999554952,28.925166670481364,1231.1303304036458,2025-11-19T13:45:00+05:45,13.75,2,1.504909650330022,-0.44228869021900147,-0.8968727415326883,0.9749279121818236,-0.22252093395631434,0
2025-11-19 09:00:00+00:00,25.814499998092653,39.89533332188925,32.868458398183186,27.33583340644836,1577.928956604004,2025-11-19T14:45:00+05:45,14.75,2,1.5454621753215045,-0.6593458151000688,-0.7518398074789774,0.9749279121818236,-0.22252093395631434,0
2025-11-19 10:00:00+00:00,22.75808332761129,34.927916844685875,35.41236101786296,26.35977778434753,1290.096108669705,2025-11-19T15:45:00+05:45,15.75,2,1.5347477352062207,-0.8314696123025452,-0.5555702330196022,0.9749279121818236,-0.22252093395631434,0
2025-11-19 11:00:00+00:00,20.92513888147142,32.76715281539493,36.62002765867445,25.187527789009945,1117.5785556369358,2025-11-19T16:45:00+05:45,16.75,2,1.5659228357336858,-0.9469301294951056,-0.3214394653031618,0.9749279121818236,-0.22252093395631434,0
2025-11-19 12:00:00+00:00,22.76400000254313,34.75250015258789,41.32533334096272,23.6490000406901,1291.7476725260417,2025-11-19T17:45:00+05:45,17.75,2,1.5266429515333615,-0.9978589232386035,-0.06540312923014273,0.9749279121818236,-0.22252093395631434,0
2025-11-19 13:00:00+00:00,25.195208334922786,38.672291628519694,43.7550415356954,22.80345838069916,1519.026457214355,2025-11-19T18:45:00+05:45,18.75,2,1.5349066026541436,-0.9807852804032304,0.1950903220161283,0.9749279121818236,-0.22252093395631434,0
2025-11-19 14:00:00+00:00,29.900333340962728,46.07816645304362,44.60933322906495,22.47016655604045,2014.1503397623696,2025-11-19T19:45:00+05:45,19.75,2,1.541058620571218,-0.8968727415326884,0.442288690219001,0.9749279121818236,-0.22252093395631434,0
2025-11-19 15:00:00+00:00,44.55783363978068,69.11900024414062,45.730499776204425,21.997166856129965,3294.72216796875,2025-11-19T20:45:00+05:45,20.75,2,1.551219944912942,-0.7518398074789772,0.6593458151000691,0.9749279121818236,-0.22252093395631434,1
2025-11-19 16:00:00+00:00,53.25,83.90083287556966,47.304333432515456,21.145666567484536,3949.919173177084,2025-11-19T21:45:00+05:45,21.75,2,1.5756024953158623,-0.555570233019603,0.8314696123025447,0.9749279121818236,-0.22252093395631434,1
2025-11-19 17:00:00+00:00,40.64716669718425,63.68633321126303,47.898166529337566,20.577000013987224,3033.22216796875,2025-11-19T22:45:00+05:45,22.75,2,1.5668086704718531,-0.32143946530316186,0.9469301294951056,0.9749279121818236,-0.22252093395631434,1
2025-11-19 18:00:00+00:00,34.34416681925455,53.30550003051758,48.58333346048992,20.146500078837075,2550.4973307291666,2025-11-19T23:45:00+05:45,23.75,2,1.5520976330872185,-0.0654031292301428,0.9978589232386035,0.9749279121818236,-0.22252093395631434,1
2025-11-19 19:00:00+00:00,36.60405536227756,56.82677781846788,49.32300001780192,19.65700000127157,2736.839963107639,2025-11-20T00:45:00+05:45,0.75,3,1.55247218528226,0.19509032201612825,0.9807852804032304,0.43388373911755823,-0.900968867902419,1
2025-11-19 20:00:00+00:00,40.03333333333334,62.308000183105456,49.91500002543132,19.37066637674967,3002.67548828125,2025-11-20T01:45:00+05:45,1.75,3,1.5564030020759063,0.44228869021900125,0.8968727415326884,0.43388373911755823,-0.900968867902419,1
2025-11-19 21:00:00+00:00,42.74783299763997,65.19950027465822,50.01349995930989,19.055833435058595,3188.563997395833,2025-11-20T02:45:00+05:45,2.75,3,1.525211822509407,0.6593458151000688,0.7518398074789774,0.43388373911755823,-0.900968867902419,1
2025-11-19 22:00:00+00:00,34.1775000890096,53.07200012207032,50.71883335113526,18.80133285522461,2476.9889973958334,2025-11-20T03:45:00+05:45,3.75,3,1.5528344666477405,0.8314696123025451,0.5555702330196024,0.43388373911755823,-0.900968867902419,1
2025-11-19 23:00:00+00:00,33.88383309046428,52.59666697184244,51.00483309427897,18.79433266321818,2507.297328694661,2025-11-20T04:45:00+05:45,4.75,3,1.5522643743232343,0.9469301294951056,0.3214394653031617,0.43388373911755823,-0.900968867902419,1
2025-11-20 00:00:00+00:00,37.22799987792968,56.79983342488607,50.77966683705648,18.75216658910116,2777.6806640625,2025-11-20T05:45:00+05:45,5.75,3,1.5257288495522798,0.9978589232386035,0.06540312923014327,0.43388373911755823,-0.900968867902419,1
2025-11-20 01:00:00+00:00,54.93633321126303,82.06350021362304,50.90016644795735,18.374499638875324,4056.169661458333,2025-11-20T06:45:00+05:45,6.75,3,1.4937928219206011,0.9807852804032304,-0.1950903220161282,0.43388373911755823,-0.900968867902419,1
2025-11-20 02:00:00+00:00,72.73916651407878,111.2138333638509,50.01783351898194,18.89516665140788,5343.224674479167,2025-11-20T07:45:00+05:45,7.75,3,1.5289401665377247,0.8968727415326884,-0.44228869021900113,0.43388373911755823,-0.900968867902419,1
2025-11-20 03:00:00+00:00,57.58866678873698,87.28333333333335,44.63916657765706,22.12316672007243,4260.461002604167,2025-11-20T08:45:00+05:45,8.75,3,1.5156338599316899,0.7518398074789774,-0.6593458151000688,0.43388373911755823,-0.900968867902419,1
2025-11-20 04:00:00+00:00,51.70391667683919,78.8010414759318,39.18745834562513,25.08054156303405,3815.499221462673,2025-11-20T09:45:00+05:45,9.75,3,1.5240826332066015,0.5555702330196025,-0.831469612302545,0.43388373911755823,-0.900968867902419,0
2025-11-20 05:00:00+00:00,34.130666732788086,52.0278333346049,33.564833323160805,28.50083328882853,2428.966835530599,2025-11-20T10:45:00+05:45,10.75,3,1.5243720183357468,0.32143946530316175,-0.9469301294951056,0.43388373911755823,-0.900968867902419,0
2025-11-20 06:00:00+00:00,18.76416667302449,29.569500001271564,28.77866675059001,30.47466662724813,1093.1999969482422,2025-11-20T11:45:00+05:45,11.75,3,1.5758493577964698,0.06540312923014312,-0.9978589232386035,0.43388373911755823,-0.900968867902419,0
2025-11-20 07:00:00+00:00,15.929666667514375,25.50322227478027,27.00099995930989,30.63433329264323,927.9182227240668,2025-11-20T12:45:00+05:45,12.75,3,1.6009890732233212,-0.19509032201612792,-0.9807852804032305,0.43388373911755823,-0.900968867902419,0
2025-11-20 08:00:00+00:00,19.539833344353568,29.182277901967367,30.251999849743317,28.69145826763577,1044.408473968506,2025-11-20T13:45:00+05:45,13.75,3,1.4934762946890834,-0.44228869021900147,-0.8968727415326883,0.43388373911755823,-0.900968867902419,0
2025-11-20 09:00:00+00:00,16.771999994913738,27.063500086466476,34.27533353169759,26.427166684468588,954.6364990234376,2025-11-20T14:45:00+05:45,14.75,3,1.6136119779795928,-0.6593458151000688,-0.7518398074789774,0.43388373911755823,-0.900968867902419,0
2025-11-20 10:00:00+00:00,14.371999994913736,24.41150000890096,35.37400010426839,25.760499922434487,851.3804992675782,2025-11-20T15:45:00+05:45,15.75,3,1.6985457846882974,-0.8314696123025452,-0.5555702330196022,0.43388373911755823,-0.900968867902419,0
2025-11-20 11:00:00+00:00,18.772166665395098,28.08066663742065,38.31750005086264,24.58733336130778,984.338664754232,2025-11-20T16:45:00+05:45,16.75,3,1.4958671067621077,-0.9469301294951056,-0.3214394653031618,0.43388373911755823,-0.900968867902419,0
2025-11-20 12:00:00+00:00,24.178166675567628,36.627167002360025,42.68616669972738,23.412666670481368,1412.619500732422,2025-11-20T17:45:00+05:45,17.75,3,1.514886033082578,-0.9978589232386035,-0.06540312923014273,0.43388373911755823,-0.900968867902419,0
2025-11-20 13:00:00+00:00,25.30016667048136,38.49733327229817,44.95016670227051,22.7136666615804,1526.2085021972653,2025-11-20T18:45:00+05:45,18.75,3,1.5216237020768102,-0.9807852804032304,0.1950903220161283,0.43388373911755823,-0.900968867902419,0
2025-11-20 14:00:00+00:00,30.989166609446205,46.92533315022786,45.81400025685628,22.344166882832848,2133.1063334147134,2025-11-20T19:45:00+05:45,19.75,3,1.5142496002433297,-0.8968727415326884,0.442288690219001,0.43388373911755823,-0.900968867902419,0
2025-11-20 15:00:00+00:00,35.62783339818319,53.346666971842446,46.27516663869222,21.85833330154419,2627.063828531901,2025-11-20T20:45:00+05:45,20.75,3,1.4973312122471867,-0.7518398074789772,0.6593458151000691,0.43388373911755823,-0.900968867902419,0
2025-11-20 16:00:00+00:00,44.7189582188924,68.09899978637695,46.78508337338766,21.286333338419595,3321.7325846354165,2025-11-20T21:45:00+05:45,21.75,3,1.5228216957345664,-0.555570233019603,0.8314696123025447,0.43388373911755823,-0.900968867902419,1
2025-11-20 17:00:00+00:00,42.98541666666667,65.6277500152588,47.93383356730144,20.538791513442995,3187.273885091146,2025-11-20T22:45:00+05:45,22.75,3,1.5267445358078913,-0.32143946530316186,0.9469301294951056,0.43388373911755823,-0.900968867902419,1
2025-11-20 18:00:00+00:00,34.72799987792968,52.84683354695637,48.0720001856486,20.05983346303304,2540.3888346354165,2025-11-20T23:45:00+05:45,23.75,3,1.5217355946992372,-0.0654031292301428,0.9978589232386035,0.43388373911755823,-0.900968867902419,1
2025-11-20 19:00:00+00:00,34.42233327229818,52.64700012207032,49.22983309427897,19.82799946467081,2549.7555013020838,2025-11-21T00:45:00+05:45,0.75,4,1.5294431003734041,0.19509032201612825,0.9807852804032304,-0.433883739117558,-0.9009688679024191,1
2025-11-20 20:00:00+00:00,34.97183354695638,53.72249984741211,50.02016671498617,19.7993327776591,2620.511328125,2025-11-21T01:45:00+05:45,1.75,4,1.5361648046070953,0.44228869021900125,0.8968727415326884,-0.433883739117558,-0.9009688679024191,1
2025-11-20 21:00:00+00:00,32.59999993642172,50.36183293660482,49.87883319854737,19.87116664250692,2259.5061462402346,2025-11-21T02:45:00+05:45,2.75,4,1.5448415041356807,0.6593458151000688,0.7518398074789774,-0.433883739117558,-0.9009688679024191,1
2025-11-20 22:00:00+00:00,28.350333340962724,43.04116694132487,49.42949956258138,19.79783347447713,1809.264168294271,2025-11-21T03:45:00+05:45,3.75,4,1.5181890958275157,0.8314696123025451,0.5555702330196024,-0.433883739117558,-0.9009688679024191,0
2025-11-20 23:00:00+00:00,30.52283334732056,46.28050003051758,50.02349980672199,19.79949992497762,2070.5644938151045,2025-11-21T04:45:00+05:45,4.75,4,1.5162583205788889,0.9469301294951056,0.3214394653031617,-0.433883739117558,-0.9009688679024191,0
2025-11-21 00:00:00+00:00,37.38333333333333,57.2279998779297,50.24933325449624,19.840999603271484,2787.2666666666664,2025-11-21T05:45:00+05:45,5.75,4,1.5308426182237103,0.9978589232386035,0.06540312923014327,-0.433883739117558,-0.9009688679024191,1
2025-11-21 01:00:00+00:00,35.19400027592976,53.40833333333333,50.17683340708414,19.745333417256678,2621.1775065104166,2025-11-21T06:45:00+05:45,6.75,4,1.5175408568107815,0.9807852804032304,-0.1950903220161282,-0.433883739117558,-0.9009688679024191,1
2025-11-21 02:00:00+00:00,39.07833315531413,58.74433339436849,48.60799986521403,19.977000077565517,2827.9893229166664,2025-11-21T07:45:00+05:45,7.75,4,1.5032456261860814,0.8968727415326884,-0.44228869021900113,-0.433883739117558,-0.9009688679024191,1
2025-11-21 03:00:00+00:00,45.931333287556974,70.35650024414063,46.70979177157084,21.34587512016296,3417.5476969401043,2025-11-21T08:45:00+05:45,8.75,4,1.531775700994087,0.7518398074789774,-0.6593458151000688,-0.433883739117558,-0.9009688679024191,1
2025-11-21 04:00:00+00:00,44.68616663614909,68.98600006103516,40.39066683451335,24.788333415985107,3340.5389973958336,2025-11-21T09:45:00+05:45,9.75,4,1.5437887215241373,0.5555702330196025,-0.831469612302545,-0.433883739117558,-0.9009688679024191,0
2025-11-21 05:00:00+00:00,36.93033345540365,56.41399993896485,36.22149995168051,27.127000013987217,2734.338834635417,2025-11-21T10:45:00+05:45,10.75,4,1.5275789482672637,0.32143946530316175,-0.9469301294951056,-0.433883739117558,-0.9009688679024191,0
2025-11-21 06:00:00+00:00,31.93083330790202,48.33649978637695,30.36366672515869,30.649499924977626,2235.203647867838,2025-11-21T11:45:00+05:45,11.75,4,1.5137876083683344,0.06540312923014312,-0.9978589232386035,-0.433883739117558,-0.9009688679024191,0
2025-11-21 07:00:00+00:00,25.957541624705,39.34133307139079,29.073458337783816,30.213875134785965,1562.661289469401,2025-11-21T12:45:00+05:45,12.75,4,1.5156031969509707,-0.19509032201612792,-0.9807852804032305,-0.433883739117558,-0.9009688679024191,0
2025-11-21 08:00:00+00:00,18.679208334287008,28.399541695912685,31.334458208084104,27.98158342838288,1019.824371846517,2025-11-21T13:45:00+05:45,13.75,4,1.5203825123457357,-0.44228869021900147,-0.8968727415326883,-0.433883739117558,-0.9009688679024191,0
2025-11-21 09:00:00+00:00,13.891666666666667,26.63033326466878,33.757833290100095,26.47033332188924,890.6194976806642,2025-11-21T14:45:00+05:45,14.75,4,1.9170005949371647,-0.6593458151000688,-0.7518398074789774,-0.433883739117558,-0.9009688679024191,0
2025-11-21 10:00:00+00:00,11.047666676839192,21.866833337148027,34.90883312225342,25.486833254496258,777.3746683756509,2025-11-21T15:45:00+05:45,15.75,4,1.9793168980188915,-0.8314696123025452,-0.5555702330196022,-0.433883739117558,-0.9009688679024191,0
2025-11-21 11:00:00+00:00,15.566833337148031,25.027833334604903,39.09999993642171,24.49383335113525,896.7113342285157,2025-11-21T16:45:00+05:45,16.75,4,1.6077665118235411,-0.9469301294951056,-0.3214394653031618,-0.433883739117558,-0.9009688679024191,0
2025-11-21 12:00:00+00:00,21.13799997965495,31.330000146230063,41.81849988301595,23.278999996185306,1153.4058329264324,2025-11-21T17:45:00+05:45,17.75,4,1.4821648299926569,-0.9978589232386035,-0.06540312923014273,-0.433883739117558,-0.9009688679024191,0
2025-11-21 13:00:00+00:00,24.07683331171671,35.908000183105464,45.18233350118002,22.402666664123533,1398.8840087890624,2025-11-21T18:45:00+05:45,18.75,4,1.4913921493833349,-0.9807852804032304,0.1950903220161283,-0.433883739117558,-0.9009688679024191,0
2025-11-21 14:00:00+00:00,25.22199999491373,37.92450027465821,46.33183333079021,21.994500001271565,1518.824491373698,2025-11-21T19:45:00+05:45,19.75,4,1.5036277964596807,-0.8968727415326884,0.442288690219001,-0.433883739117558,-0.9009688679024191,0
2025-11-21 15:00:00+00:00,39.38866685231526,62.49983342488607,46.50216662089031,21.73566646575928,2861.376845296224,2025-11-21T20:45:00+05:45,20.75,4,1.5867466055458117,-0.7518398074789772,0.6593458151000691,-0.433883739117558,-0.9009688679024191,0
2025-11-21 16:00:00+00:00,51.233000183105474,77.34433339436849,47.21266689300538,20.745333258310957,3778.2693359375,2025-11-21T21:45:00+05:45,21.75,4,1.509658484139944,-0.555570233019603,0.8314696123025447,-0.433883739117558,-0.9009688679024191,1
2025-11-21 17:00:00+00:00,33.70833336512248,51.25316645304361,47.73766663869222,20.147500165303548,2486.621354166667,2025-11-21T22:45:00+05:45,22.75,4,1.5204894854301672,-0.32143946530316186,0.9469301294951056,-0.433883739117558,-0.9009688679024191,0
2025-11-21 18:00:00+00:00,31.124999968210854,46.93583348592122,48.467999903361,19.807000033060707,2154.072165934245,2025-11-21T23:45:00+05:45,23.75,4,1.5079785874332072,-0.0654031292301428,0.9978589232386035,-0.433883739117558,-0.9009688679024191,0
2025-11-21 19:00:00+00:00,38.158166662851976,55.62799987792969,48.90166670481364,19.3729996363322,2705.1251586914063,2025-11-22T00:45:00+05:45,0.75,5,1.4578268492150877,0.19509032201612825,0.9807852804032304,-0.9749279121818236,-0.2225209339563146,1
2025-11-21 20:00:00+00:00,38.43566691080729,55.43066660563151,48.72883326212565,19.10000015894572,2790.3808288574214,2025-11-22T01:45:00+05:45,1.75,5,1.4421674205435884,0.44228869021900125,0.8968727415326884,-0.9749279121818236,-0.2225209339563146,1
2025-11-21 21:00:00+00:00,36.03349987665812,52.68316675821941,49.34983342488607,18.79449993769328,2610.50282796224,2025-11-22T02:45:00+05:45,2.75,5,1.462060775071884,0.6593458151000688,0.7518398074789774,-0.9749279121818236,-0.2225209339563146,1
2025-11-21 22:00:00+00:00,41.01949996948242,62.636333211263015,49.67249965667725,18.479999923706053,3019.363997395833,2025-11-22T03:45:00+05:45,3.75,5,1.5269891943554414,0.8314696123025451,0.5555702330196024,-0.9749279121818236,-0.2225209339563146,1
2025-11-21 23:00:00+00:00,40.51416651407877,60.50266672770183,50.18366686503092,18.179167143503825,2983.4,2025-11-22T04:45:00+05:45,4.75,5,1.4933706388030226,0.9469301294951056,0.3214394653031617,-0.9749279121818236,-0.2225209339563146,1
2025-11-22 00:00:00+00:00,32.386166667938234,48.71333363850912,50.26233342488607,17.939166609446207,2243.089003499349,2025-11-22T05:45:00+05:45,5.75,5,1.5041401515028485,0.9978589232386035,0.06540312923014327,-0.9749279121818236,-0.2225209339563146,1
2025-11-22 01:00:00+00:00,43.256402821011015,65.88541679382325,50.75131941371495,17.55800007979075,3224.825903320312,2025-11-22T06:45:00+05:45,6.75,5,1.5231367496379196,0.9807852804032304,-0.1950903220161282,-0.9749279121818236,-0.2225209339563146,1
2025-11-22 02:00:00+00:00,49.60266672770182,76.2,50.148500188191726,18.17150001525879,3694.305826822917,2025-11-22T07:45:00+05:45,7.75,5,1.536207728876888,0.8968727415326884,-0.44228869021900113,-0.9749279121818236,-0.2225209339563146,1
2025-11-22 03:00:00+00:00,53.45266672770183,80.69199981689455,44.794333267211904,21.112666670481364,3942.458170572917,2025-11-22T08:45:00+05:45,8.75,5,1.5095972709454353,0.7518398074789774,-0.6593458151000688,-0.9749279121818236,-0.2225209339563146,1
2025-11-22 04:00:00+00:00,37.83916651407878,56.84716669718424,38.52683340708415,24.788000011444087,2813.402669270833,2025-11-22T09:45:00+05:45,9.75,5,1.5023366509944975,0.5555702330196025,-0.831469612302545,-0.9749279121818236,-0.2225209339563146,0
2025-11-22 05:00:00+00:00,35.53033355077108,53.53333333333334,33.53216644922892,28.25849997202555,2589.447495524088,2025-11-22T10:45:00+05:45,10.75,5,1.5066938017014915,0.32143946530316175,-0.9469301294951056,-0.9749279121818236,-0.2225209339563146,0
2025-11-22 06:00:00+00:00,28.58116664886474,43.29466654459636,29.15266675949097,30.544000085194902,1862.789001464844,2025-11-22T11:45:00+05:45,11.75,5,1.5147970366813577,0.06540312923014312,-0.9978589232386035,-0.9749279121818236,-0.2225209339563146,0
2025-11-22 07:00:00+00:00,16.838333320617675,26.391333389282227,27.29983329772949,29.566333325703933,968.0059967041016,2025-11-22T12:45:00+05:45,12.75,5,1.5673364392286613,-0.19509032201612792,-0.9807852804032305,-0.9749279121818236,-0.2225209339563146,0
2025-11-22 08:00:00+00:00,23.06983334223429,34.2279998143514,30.266666698455808,27.51516669591268,1297.3168355305988,2025-11-22T13:45:00+05:45,13.75,5,1.4836691408467908,-0.44228869021900147,-0.8968727415326883,-0.9749279121818236,-0.2225209339563146,0
2025-11-22 09:00:00+00:00,22.133666674296062,32.54166660308838,33.549166679382324,26.15450007120768,1208.4115061442058,2025-11-22T14:45:00+05:45,14.75,5,1.470233878640595,-0.6593458151000688,-0.7518398074789774,-0.9749279121818236,-0.2225209339563146,0
2025-11-22 10:00:00+00:00,20.23616666793824,29.75566673278809,34.60666643778483,25.4188333829244,1051.5778361002606,2025-11-22T15:45:00+05:45,15.75,5,1.4704201255632248,-0.8314696123025452,-0.5555702330196022,-0.9749279121818236,-0.2225209339563146,0
2025-11-22 11:00:00+00:00,21.647666676839197,32.35583333969116,38.12183322906494,24.25449997584025,1159.4744944254555,2025-11-22T16:45:00+05:45,16.75,5,1.494656852523908,-0.9469301294951056,-0.3214394653031618,-0.9749279121818236,-0.2225209339563146,0
2025-11-22 12:00:00+00:00,27.013666725158696,41.27733357747396,41.27383308410644,23.1279998143514,1708.549835205078,2025-11-22T17:45:00+05:45,17.75,5,1.5280166886426807,-0.9978589232386035,-0.06540312923014273,-0.9749279121818236,-0.2225209339563146,0
2025-11-22 13:00:00+00:00,28.27704168160757,43.13816668192545,42.14420809745789,22.390583340326945,1824.5581375122072,2025-11-22T18:45:00+05:45,18.75,5,1.525554446877804,-0.9807852804032304,0.1950903220161283,-0.9749279121818236,-0.2225209339563146,0
2025-11-22 14:00:00+00:00,28.628000005086264,43.91966654459636,42.549500147501625,21.707833353678392,1861.972332763672,2025-11-22T19:45:00+05:45,19.75,5,1.5341507103812095,-0.8968727415326884,0.442288690219001,-0.9749279121818236,-0.2225209339563146,0
2025-11-22 15:00:00+00:00,31.222166760762533,48.01366678873697,43.9009999593099,21.15299994150797,2161.116335042318,2025-11-22T20:45:00+05:45,20.75,5,1.5378070060491964,-0.7518398074789772,0.6593458151000691,-0.9749279121818236,-0.2225209339563146,0
2025-11-22 16:00:00+00:00,35.346833578745525,54.724500274658205,45.993000284830735,20.57033332188924,2509.0336629231774,2025-11-22T21:45:00+05:45,21.75,5,1.5482150657920517,-0.555570233019603,0.8314696123025447,-0.9749279121818236,-0.2225209339563146,0
2025-11-22 17:00:00+00:00,40.00083325703939,62.03699989318847,46.51358331044515,19.81975016593933,2994.449837239584,2025-11-22T22:45:00+05:45,22.75,5,1.5508926900234294,-0.32143946530316186,0.9469301294951056,-0.9749279121818236,-0.2225209339563146,1
2025-11-22 18:00:00+00:00,35.83568053775364,55.4385973824395,47.1942916976081,19.31844442685445,2682.6409993489583,2025-11-22T23:45:00+05:45,23.75,5,1.5470223126928977,-0.0654031292301428,0.9978589232386035,-0.9749279121818236,-0.2225209339563146,1
2025-11-22 19:00:00+00:00,43.944499874115,68.29166666666667,47.56366704305013,18.894333267211916,3209.7976562500003,2025-11-23T00:45:00+05:45,0.75,6,1.5540435518050595,0.19509032201612825,0.9807852804032304,-0.7818314824680299,0.6234898018587334,1
2025-11-22 20:00:00+00:00,44.369666512807214,66.01966654459635,48.09750003814698,18.439833386739096,3285.3888346354165,2025-11-23T01:45:00+05:45,1.75,6,1.4879459715014964,0.44228869021900125,0.8968727415326884,-0.7818314824680299,0.6234898018587334,1
2025-11-22 21:00:00+00:00,33.486499849955244,50.67283299763997,48.44016660054526,18.114000288645425,2381.9501627604163,2025-11-23T02:45:00+05:45,2.75,6,1.513231697092633,0.6593458151000688,0.7518398074789774,-0.7818314824680299,0.6234898018587334,1
2025-11-22 22:00:00+00:00,37.11100006103516,56.23550033569336,48.66233361562093,17.84200000762939,2706.680338541667,2025-11-23T03:45:00+05:45,3.75,6,1.5153323877881166,0.8314696123025451,0.5555702330196024,-0.7818314824680299,0.6234898018587334,1
2025-11-22 23:00:00+00:00,31.72533340454102,48.53066660563152,49.33433335622152,17.460666465759278,2150.505489095052,2025-11-23T04:45:00+05:45,4.75,6,1.529713367761962,0.9469301294951056,0.3214394653031617,-0.7818314824680299,0.6234898018587334,1
2025-11-23 00:00:00+00:00,30.563666502634685,46.544333394368486,49.15400002797444,17.26483351389567,2076.6498413085938,2025-11-23T05:45:00+05:45,5.75,6,1.522864849685368,0.9978589232386035,0.06540312923014327,-0.7818314824680299,0.6234898018587334,1
2025-11-23 01:00:00+00:00,36.90800018310546,55.62200012207032,49.76083335876465,17.01833346684774,2750.330826822917,2025-11-23T06:45:00+05:45,6.75,6,1.5070445390192435,0.9807852804032304,-0.1950903220161282,-0.7818314824680299,0.6234898018587334,1
2025-11-23 02:00:00+00:00,43.416389041476776,65.6613753636678,49.46277784241571,17.58124996821086,3236.2249294704866,2025-11-23T07:45:00+05:45,7.75,6,1.512363805772512,0.8968727415326884,-0.44228869021900113,-0.7818314824680299,0.6234898018587334,1
2025-11-23 03:00:00+00:00,62.998902617560496,97.6262220594618,43.57009744644165,20.9037500222524,4657.929904513888,2025-11-23T08:45:00+05:45,8.75,6,1.549649565360035,0.7518398074789774,-0.6593458151000688,-0.7818314824680299,0.6234898018587334,1
2025-11-23 04:00:00+00:00,47.362708218892415,73.76229139963785,37.440250094731645,24.45720826784769,3524.19237467448,2025-11-23T09:45:00+05:45,9.75,6,1.5573917576405598,0.5555702330196025,-0.831469612302545,-0.7818314824680299,0.6234898018587334,0
2025-11-23 05:00:00+00:00,45.840722359551314,71.29456963009305,34.270111269421044,26.83072218630049,3404.2354573567704,2025-11-23T10:45:00+05:45,10.75,6,1.5552671502620465,0.32143946530316175,-0.9469301294951056,-0.7818314824680299,0.6234898018587334,0
2025-11-23 06:00:00+00:00,38.17453076622704,59.05324244643703,30.02245453054255,29.996151479085288,2804.385919559363,2025-11-23T11:45:00+05:45,11.75,6,1.5469277882698,0.06540312923014312,-0.9978589232386035,-0.7818314824680299,0.6234898018587334,0
2025-11-23 07:00:00+00:00,27.93393062220679,42.99566675821941,28.218736150529647,29.959514021873478,1796.588739522298,2025-11-23T12:45:00+05:45,12.75,6,1.5391914349511167,-0.19509032201612792,-0.9807852804032305,-0.7818314824680299,0.6234898018587334,0
2025-11-23 08:00:00+00:00,23.23670833110809,35.07574977874756,30.374625023206068,28.2911248366038,1326.0778310139972,2025-11-23T13:45:00+05:45,13.75,6,1.5094973556039337,-0.44228869021900147,-0.8968727415326883,-0.7818314824680299,0.6234898018587334,0
2025-11-23 09:00:00+00:00,17.148999993006388,26.89399998982748,31.32100001176198,26.572208261489862,935.5789998372396,2025-11-23T14:45:00+05:45,14.75,6,1.5682547087757448,-0.6593458151000688,-0.7518398074789774,-0.7818314824680299,0.6234898018587334,0
2025-11-23 10:00:00+00:00,17.7558055612776,26.96597219043308,32.63897225062052,25.549666706720988,945.1959993998208,2025-11-23T15:45:00+05:45,15.75,6,1.5187129695338235,-0.8314696123025452,-0.5555702330196022,-0.7818314824680299,0.6234898018587334,0
2025-11-23 14:00:00+00:00,64.18308397928872,120.776500193278,45.41937512821622,21.510777968830528,4848.855946180555,2025-11-23T19:45:00+05:45,19.75,6,1.8817497182318543,-0.8968727415326884,0.442288690219001,-0.7818314824680299,0.6234898018587334,1
2025-11-23 15:00:00+00:00,62.06966654459635,118.85283330281575,46.64566663106282,20.94233341217041,4691.263997395834,2025-11-23T20:45:00+05:45,20.75,6,1.9148295764956518,-0.7518398074789772,0.6593458151000691,-0.7818314824680299,0.6234898018587334,1
2025-11-23 16:00:00+00:00,66.40849990844727,120.25233357747396,47.05066699981689,20.26183334986369,4987.91181640625,2025-11-23T21:45:00+05:45,21.75,6,1.8107973187657815,-0.555570233019603,0.8314696123025447,-0.7818314824680299,0.6234898018587334,1
2025-11-23 17:00:00+00:00,54.61843047671848,94.0259999593099,47.65220839182536,19.60023620128632,4082.999197048612,2025-11-23T22:45:00+05:45,22.75,6,1.7215068089404215,-0.32143946530316186,0.9469301294951056,-0.7818314824680299,0.6234898018587334,1
2025-11-23 18:00:00+00:00,53.14666697184244,90.05,48.08016656239828,19.098666572570803,3950.857845052084,2025-11-23T23:45:00+05:45,23.75,6,1.6943677775260912,-0.0654031292301428,0.9978589232386035,-0.7818314824680299,0.6234898018587334,1
2025-11-23 19:00:00+00:00,48.37216669718425,84.68399963378906,49.06349989573161,18.891833051045733,3650.155826822917,2025-11-24T00:45:00+05:45,0.75,0,1.7506761721864017,0.19509032201612825,0.9807852804032304,0.0,1.0,1
2025-11-23 20:00:00+00:00,38.403166453043625,66.1111666361491,48.35483347574869,18.82433296839396,2881.413671875,2025-11-24T01:45:00+05:45,1.75,0,1.7215030098360413,0.44228869021900125,0.8968727415326884,0.0,1.0,1
2025-11-23 21:00:00+00:00,46.716999816894536,83.77016626993814,49.57116680145264,18.850166384379072,3520.6896484375,2025-11-24T02:45:00+05:45,2.75,0,1.793140967919003,0.6593458151000688,0.7518398074789774,0.0,1.0,1
2025-11-23 22:00:00+00:00,40.86116663614909,72.86616694132486,49.3523333867391,18.683666610717776,3087.5083333333337,2025-11-24T03:45:00+05:45,3.75,0,1.7832620294512482,0.8314696123025451,0.5555702330196024,0.0,1.0,1
2025-11-23 23:00:00+00:00,32.77675015131633,53.67125015258788,48.97854154904684,18.20116678873698,2358.754272460937,2025-11-24T04:45:00+05:45,4.75,0,1.6374793078877719,0.9469301294951056,0.3214394653031617,0.0,1.0,1
2025-11-24 00:00:00+00:00,56.2958749930064,98.48137493133544,49.392958370844525,18.050458359718323,4156.85615234375,2025-11-24T05:45:00+05:45,5.75,0,1.7493533041909326,0.9978589232386035,0.06540312923014327,0.0,1.0,1
2025-11-24 01:00:00+00:00,44.6081667582194,78.09966684977213,50.102500152587886,17.898499838511146,3358.569498697916,2025-11-24T06:45:00+05:45,6.75,0,1.7507930167379424,0.9807852804032304,-0.1950903220161282,0.0,1.0,1
2025-11-24 02:00:00+00:00,61.91925048828126,101.70762462615966,48.31195816993713,17.97395849227905,4583.448079427084,2025-11-24T07:45:00+05:45,7.75,0,1.642584879889796,0.8968727415326884,-0.44228869021900113,0.0,1.0,1
2025-11-24 03:00:00+00:00,54.167166773478186,90.81266670227052,43.953236203723485,20.756486060884264,4019.01273328993,2025-11-24T08:45:00+05:45,8.75,0,1.6765260601877192,0.7518398074789774,-0.6593458151000688,0.0,1.0,1
2025-11-24 05:00:00+00:00,34.544049908320105,57.740466868082684,34.27801630655925,26.259666728973382,2483.7844075520834,2025-11-24T10:45:00+05:45,10.75,0,1.671502531443935,0.32143946530316175,-0.9469301294951056,0.0,1.0,0
2025-11-24 06:00:00+00:00,29.39138886663649,47.45000012715658,29.09881961345673,29.124374906222027,1944.1445829603408,2025-11-24T11:45:00+05:45,11.75,0,1.6144184387631728,0.06540312923014312,-0.9978589232386035,0.0,1.0,0
2025-11-24 07:00:00+00:00,27.12825000021193,43.64490265316433,27.741263805495368,28.18019446267022,1697.7729166666668,2025-11-24T12:45:00+05:45,12.75,0,1.6088359054794676,-0.19509032201612792,-0.9807852804032305,0.0,1.0,0
2025-11-24 08:00:00+00:00,27.25745015144348,43.67970016479492,28.64783345540365,26.722083180745443,1701.6093184407553,2025-11-24T13:45:00+05:45,13.75,0,1.6024866567528793,-0.44228869021900147,-0.8968727415326883,0.0,1.0,0
2025-11-24 09:00:00+00:00,28.629249917136296,46.40615295834012,31.48673626316919,25.279389068815444,1876.022370910645,2025-11-24T14:45:00+05:45,14.75,0,1.6209349910548407,-0.6593458151000688,-0.7518398074789774,0.0,1.0,0
2025-11-24 10:00:00+00:00,29.5811943742964,48.79006943172877,34.57708331743876,24.941083150439795,2001.5752707587344,2025-11-24T15:45:00+05:45,15.75,0,1.6493610370960303,-0.8314696123025452,-0.5555702330196022,0.0,1.0,0
2025-11-24 11:00:00+00:00,28.61959723101722,47.00227767096626,36.08165269957649,23.981291659673055,1878.72111070421,2025-11-24T16:45:00+05:45,16.75,0,1.6423109414001933,-0.9469301294951056,-0.3214394653031618,0.0,1.0,0
2025-11-24 12:00:00+00:00,32.32216657002767,52.80833333333334,39.64366652170817,22.65649998982748,2298.316333007813,2025-11-24T17:45:00+05:45,17.75,0,1.6338116821136144,-0.9978589232386035,-0.06540312923014273,0.0,1.0,0
2025-11-24 13:00:00+00:00,42.650666300455725,73.64783299763998,42.53916664123535,21.698833306630448,3220.227994791667,2025-11-24T18:45:00+05:45,18.75,0,1.7267686389427648,-0.9807852804032304,0.1950903220161283,0.0,1.0,0
2025-11-24 14:00:00+00:00,60.558000183105456,105.08916651407878,43.24516671498617,21.07183335622152,4515.249348958334,2025-11-24T19:45:00+05:45,19.75,0,1.7353473727059547,-0.8968727415326884,0.442288690219001,0.0,1.0,1
2025-11-24 15:00:00+00:00,72.54700012207032,126.09749984741212,45.13866672515869,20.59999987284343,5419.405013020833,2025-11-24T20:45:00+05:45,20.75,0,1.7381490569594293,-0.7518398074789772,0.6593458151000691,0.0,1.0,1
2025-11-24 16:00:00+00:00,67.46666666666665,114.37799987792968,46.433333269755046,19.81983346939087,5000.214811197917,2025-11-24T21:45:00+05:45,21.75,0,1.6953260851471794,-0.555570233019603,0.8314696123025447,0.0,1.0,1
2025-11-24 17:00:00+00:00,69.64449996948242,118.71716639200844,46.99433345794677,19.398166720072428,5193.180338541666,2025-11-24T22:45:00+05:45,22.75,0,1.7046165374728686,-0.32143946530316186,0.9469301294951056,0.0,1.0,1
2025-11-24 18:00:00+00:00,56.32966715494792,97.84733327229816,47.6269999186198,18.8791664759318,4222.158333333333,2025-11-24T23:45:00+05:45,23.75,0,1.737047957395988,-0.0654031292301428,0.9978589232386035,0.0,1.0,1
2025-11-24 19:00:00+00:00,58.1556666056315,99.10083287556964,48.25116647084554,18.514166768391927,4337.266341145833,2025-11-25T00:45:00+05:45,0.75,1,1.7040615069825924,0.19509032201612825,0.9807852804032304,0.7818314824680298,0.6234898018587336,1
2025-11-24 20:00:00+00:00,55.73050003051758,94.72433369954427,48.59349994659425,18.120167001088458,4171.70234375,2025-11-25T01:45:00+05:45,1.75,1,1.6996856954033066,0.44228869021900125,0.8968727415326884,0.7818314824680298,0.6234898018587336,1
2025-11-24 21:00:00+00:00,57.522499847412114,98.56966654459636,49.36300004323323,17.676333491007487,4306.258333333333,2025-11-25T02:45:00+05:45,2.75,1,1.7135845418065732,0.6593458151000688,0.7518398074789774,0.7818314824680298,0.6234898018587336,1
2025-11-24 22:00:00+00:00,55.89466654459636,99.36933339436848,49.8356669108073,17.400333213806153,4191.197493489583,2025-11-25T03:45:00+05:45,3.75,1,1.777796336168948,0.8314696123025451,0.5555702330196024,0.7818314824680298,0.6234898018587336,1
2025-11-24 23:00:00+00:00,56.98812503814697,99.85458348592124,49.77404158910116,17.139458672205606,4237.806412760417,2025-11-25T04:45:00+05:45,4.75,1,1.7521998384589794,0.9469301294951056,0.3214394653031617,0.7818314824680298,0.6234898018587336,1
2025-11-25 00:00:00+00:00,50.17904173533122,86.65208333333334,49.6391666730245,16.7944168249766,3771.660701497396,2025-11-25T05:45:00+05:45,5.75,1,1.7268580733442214,0.9978589232386035,0.06540312923014327,0.7818314824680298,0.6234898018587336,1
2025-11-25 01:00:00+00:00,51.86100006103516,88.45,49.69366664886474,16.506666723887125,3867.77783203125,2025-11-25T06:45:00+05:45,6.75,1,1.705520524014255,0.9807852804032304,-0.1950903220161282,0.7818314824680298,0.6234898018587336,1
2025-11-25 02:00:00+00:00,56.38083356221517,94.83116671244302,49.7183332125346,16.72737504641215,4209.485131835937,2025-11-25T07:45:00+05:45,7.75,1,1.681975251532928,0.8968727415326884,-0.44228869021900113,0.7818314824680298,0.6234898018587336,1
2025-11-25 03:00:00+00:00,84.43666636149088,138.85233357747396,45.02366676330566,19.70799992879232,6193.364485677084,2025-11-25T08:45:00+05:45,8.75,1,1.6444554192016336,0.7518398074789774,-0.6593458151000688,0.7818314824680298,0.6234898018587336,1
2025-11-25 04:00:00+00:00,56.9581667582194,95.68899993896484,37.82400023142497,23.553000005086265,4252.149837239584,2025-11-25T09:45:00+05:45,9.75,1,1.6799873553717626,0.5555702330196025,-0.831469612302545,0.7818314824680298,0.6234898018587336,1
2025-11-25 05:00:00+00:00,65.48600006103517,108.73283360799154,33.424499988555915,26.2825000445048,4837.791341145833,2025-11-25T10:45:00+05:45,10.75,1,1.6603981539053974,0.32143946530316175,-0.9469301294951056,0.7818314824680298,0.6234898018587336,1
2025-11-25 06:00:00+00:00,40.94947238498264,67.829208056132,28.794236085149976,28.591153012381664,3049.713297526041,2025-11-25T11:45:00+05:45,11.75,1,1.6564122589527415,0.06540312923014312,-0.9978589232386035,0.7818314824680298,0.6234898018587336,0
2025-11-25 07:00:00+00:00,30.090833346048992,47.7413335164388,27.57316678365072,28.1561666170756,2028.499658203125,2025-11-25T12:45:00+05:45,12.75,1,1.586573989739881,-0.19509032201612792,-0.9807852804032305,0.7818314824680298,0.6234898018587336,0
2025-11-25 08:00:00+00:00,20.339916674296067,32.20183324813842,24.876583313941957,27.10737508932749,1137.9867449442545,2025-11-25T13:45:00+05:45,13.75,1,1.583184128223715,-0.44228869021900147,-0.8968727415326883,0.7818314824680298,0.6234898018587336,0
2025-11-25 09:00:00+00:00,21.300333340962727,33.074833456675215,28.331833299001055,25.460333220163985,1144.0109985351562,2025-11-25T14:45:00+05:45,14.75,1,1.5527847816855014,-0.6593458151000688,-0.7518398074789774,0.7818314824680298,0.6234898018587336,0
2025-11-25 11:00:00+00:00,28.405499998728438,46.54166666666666,32.39066667556763,24.12366660435994,1850.603513590495,2025-11-25T16:45:00+05:45,16.75,1,1.6384737698245087,-0.9469301294951056,-0.3214394653031618,0.7818314824680298,0.6234898018587336,0
2025-11-25 12:00:00+00:00,26.06026659647624,41.41866617838541,32.9718669128418,22.9356000773112,1586.0166764322917,2025-11-25T17:45:00+05:45,17.75,1,1.5893416141792605,-0.9978589232386035,-0.06540312923014273,0.7818314824680298,0.6234898018587336,0
2025-11-25 13:00:00+00:00,42.884000180562346,67.99353322347005,40.64653330485026,19.42040000915528,3198.1772745768235,2025-11-25T18:45:00+05:45,18.75,1,1.5855221746381971,-0.9807852804032304,0.1950903220161283,0.7818314824680298,0.6234898018587336,0
2025-11-25 14:00:00+00:00,53.7308331489563,85.50883305867512,38.18266665140788,21.054500198364256,3935.830338541667,2025-11-25T19:45:00+05:45,19.75,1,1.5914295023421965,-0.8968727415326884,0.442288690219001,0.7818314824680298,0.6234898018587336,1
2025-11-25 15:00:00+00:00,65.94483311971028,106.2254997253418,41.15100008646648,20.168333371480305,4891.2033203125,2025-11-25T20:45:00+05:45,20.75,1,1.6108236945949905,-0.7518398074789772,0.6593458151000691,0.7818314824680298,0.6234898018587336,1
2025-11-25 16:00:00+00:00,58.144833119710285,94.61399993896482,43.00083363850911,19.399999777475998,4329.572330729166,2025-11-25T21:45:00+05:45,21.75,1,1.6272125116288623,-0.555570233019603,0.8314696123025447,0.7818314824680298,0.6234898018587336,1
2025-11-25 17:00:00+00:00,53.71449966430664,87.48600006103516,43.48533356984456,18.880166753133132,4014.180826822917,2025-11-25T22:45:00+05:45,22.75,1,1.6287222371573111,-0.32143946530316186,0.9469301294951056,0.7818314824680298,0.6234898018587336,1
2025-11-25 18:00:00+00:00,40.10550003051758,64.53399963378907,43.967999903361004,18.336666711171468,2999.627669270833,2025-11-25T23:45:00+05:45,23.75,1,1.6091059726143058,-0.0654031292301428,0.9978589232386035,0.7818314824680298,0.6234898018587336,1
2025-11-25 19:00:00+00:00,35.64416681925456,57.05,45.046833165486646,17.790833473205566,2664.944010416667,2025-11-26T00:45:00+05:45,0.75,2,1.6005423913901744,0.19509032201612825,0.9807852804032304,0.9749279121818236,-0.22252093395631434,1
2025-11-25 20:00:00+00:00,36.43933308919271,58.42799987792967,46.07366676330568,17.337833245595295,2705.625,2025-11-26T01:45:00+05:45,1.75,2,1.603432196053512,0.44228869021900125,0.8968727415326884,0.9749279121818236,-0.22252093395631434,1
2025-11-25 21:00:00+00:00,33.41949996948242,52.76699981689453,46.49016672770182,17.0526668548584,2459.3,2025-11-26T02:45:00+05:45,2.75,2,1.578928465868119,0.6593458151000688,0.7518398074789774,0.9749279121818236,-0.22252093395631434,1
2025-11-25 22:00:00+00:00,35.300499725341794,56.27283299763997,46.75216636657714,16.668333530426025,2562.569661458333,2025-11-26T03:45:00+05:45,3.75,2,1.5941086793522756,0.8314696123025451,0.5555702330196024,0.9749279121818236,-0.22252093395631434,1
2025-11-25 23:00:00+00:00,43.60516688028972,71.2831667582194,47.43833332061767,16.309499804178873,3253.08115234375,2025-11-26T04:45:00+05:45,4.75,2,1.634741290038282,0.9469301294951056,0.3214394653031617,0.9749279121818236,-0.22252093395631434,1
2025-11-26 00:00:00+00:00,37.18050003051758,58.8970001220703,47.61666679382324,16.083333635330202,2738.34765625,2025-11-26T05:45:00+05:45,5.75,2,1.5840830562721837,0.9978589232386035,0.06540312923014327,0.9749279121818236,-0.22252093395631434,1
2025-11-26 01:00:00+00:00,42.09499969482422,65.31383336385092,47.84533322652181,15.830833339691162,3118.5305013020843,2025-11-26T06:45:00+05:45,6.75,2,1.5515817516891814,0.9807852804032304,-0.1950903220161282,0.9749279121818236,-0.22252093395631434,1
2025-11-26 02:00:00+00:00,50.62249984741211,78.41433308919271,47.30250002543131,16.458000071843465,3754.155826822917,2025-11-26T07:45:00+05:45,7.75,2,1.5490015966329518,0.8968727415326884,-0.44228869021900113,0.9749279121818236,-0.22252093395631434,1
2025-11-26 03:00:00+00:00,66.65533345540364,103.42233327229816,41.76083323160808,19.91783329645793,4919.114322916667,2025-11-26T08:45:00+05:45,8.75,2,1.5515987680339762,0.7518398074789774,-0.6593458151000688,0.9749279121818236,-0.22252093395631434,1
2025-11-26 04:00:00+00:00,46.60333302815755,73.28699951171875,35.1795000076294,23.490833187103277,3471.808658854167,2025-11-26T09:45:00+05:45,9.75,2,1.5725699161353766,0.5555702330196025,-0.831469612302545,0.9749279121818236,-0.22252093395631434,0
2025-11-26 05:00:00+00:00,41.391500091552736,65.5616663614909,30.102333291371664,26.990500100453698,3075.975,2025-11-26T10:45:00+05:45,10.75,2,1.5839403311423075,0.32143946530316175,-0.9469301294951056,0.9749279121818236,-0.22252093395631434,0
2025-11-26 06:00:00+00:00,35.02499996821086,55.02183354695638,26.523166720072428,29.429166475931805,2543.130336507161,2025-11-26T11:45:00+05:45,11.75,2,1.5709302954145583,0.06540312923014312,-0.9978589232386035,0.9749279121818236,-0.22252093395631434,0
2025-11-26 07:00:00+00:00,22.315500005086264,35.30499998728434,24.75416665871938,29.419166723887127,1334.6916264851886,2025-11-26T12:45:00+05:45,12.75,2,1.5820842006335256,-0.19509032201612792,-0.9807852804032305,0.9749279121818236,-0.22252093395631434,0
2025-11-26 08:00:00+00:00,13.100166670481366,24.671666653951007,24.89533344904581,27.95416669845581,830.3169982910155,2025-11-26T13:45:00+05:45,13.75,2,1.8833093711352336,-0.44228869021900147,-0.8968727415326883,0.9749279121818236,-0.22252093395631434,0
2025-11-26 09:00:00+00:00,18.19750000635783,28.597166728973388,27.353333346048995,26.39633337656657,974.5334960937502,2025-11-26T14:45:00+05:45,14.75,2,1.571488760488096,-0.6593458151000688,-0.7518398074789774,0.9749279121818236,-0.22252093395631434,0
2025-11-26 10:00:00+00:00,25.524333318074543,39.85800018310547,30.67200009028117,25.35283339818319,1536.8473347981771,2025-11-26T15:45:00+05:45,15.75,2,1.5615687072571187,-0.8314696123025452,-0.5555702330196022,0.9749279121818236,-0.22252093395631434,0
2025-11-26 11:00:00+00:00,20.39120833873749,31.87179171244304,31.83320853710175,23.945458364486694,1063.09979095459,2025-11-26T16:45:00+05:45,16.75,2,1.5630163344413344,-0.9469301294951056,-0.3214394653031618,0.9749279121818236,-0.22252093395631434,0
2025-11-26 12:00:00+00:00,22.566666666666663,34.96983315149943,35.24199994405111,22.645833396911623,1271.477665201823,2025-11-26T17:45:00+05:45,17.75,2,1.549623330199384,-0.9978589232386035,-0.06540312923014273,0.9749279121818236,-0.22252093395631434,0
2025-11-26 13:00:00+00:00,32.96666666666667,52.35583318074544,38.03066698710124,21.87066663106283,2263.038830566406,2025-11-26T18:45:00+05:45,18.75,2,1.588144585866899,-0.9807852804032304,0.1950903220161283,0.9749279121818236,-0.22252093395631434,0
2025-11-26 14:00:00+00:00,46.80800018310547,74.65016657511394,40.44766667683919,21.276499938964843,3519.2444986979167,2025-11-26T19:45:00+05:45,19.75,2,1.5948164049541602,-0.8968727415326884,0.442288690219001,0.9749279121818236,-0.22252093395631434,1
2025-11-26 15:00:00+00:00,64.35566660563151,101.13949966430664,42.52816664377848,20.2414999961853,4752.178157552084,2025-11-26T20:45:00+05:45,20.75,2,1.5715710053022172,-0.7518398074789772,0.6593458151000691,0.9749279121818236,-0.22252093395631434,1
2025-11-26 16:00:00+00:00,50.79416681925454,79.74966684977214,43.47916660308838,19.503499921162923,3778.2443359374993,2025-11-26T21:45:00+05:45,21.75,2,1.570055615510981,-0.555570233019603,0.8314696123025447,0.9749279121818236,-0.22252093395631434,1
2025-11-26 17:00:00+00:00,44.5576670328776,70.03349990844727,44.29933344523112,18.93116693496704,3333.144661458333,2025-11-26T22:45:00+05:45,22.75,2,1.5717497026218161,-0.32143946530316186,0.9469301294951056,0.9749279121818236,-0.22252093395631434,1
2025-11-26 18:00:00+00:00,38.77466684977214,61.21366678873698,45.429333432515456,18.518833446502686,2916.811002604167,2025-11-26T23:45:00+05:45,23.75,2,1.5787025850125829,-0.0654031292301428,0.9978589232386035,0.9749279121818236,-0.22252093395631434,1
2025-11-26 19:00:00+00:00,56.11399993896484,86.15266672770183,46.09166647593181,18.17216672897339,4117.85517578125,2025-11-27T00:45:00+05:45,0.75,3,1.5353150162421147,0.19509032201612825,0.9807852804032304,0.43388373911755823,-0.900968867902419,1
2025-11-26 20:00:00+00:00,43.28388858371312,68.03799997965496,46.74516684214274,17.802777661217583,3227.5334960937503,2025-11-27T01:45:00+05:45,1.75,3,1.5719012825769152,0.44228869021900125,0.8968727415326884,0.43388373911755823,-0.900968867902419,1
2025-11-26 21:00:00+00:00,41.42249984741212,65.20500030517577,47.37500019073487,17.460166517893473,3088.769986979167,2025-11-27T02:45:00+05:45,2.75,3,1.5741444998580758,0.6593458151000688,0.7518398074789774,0.43388373911755823,-0.900968867902419,1
2025-11-26 22:00:00+00:00,33.266666666666666,51.70250015258788,48.09499994913736,17.229500230153402,2377.055013020833,2025-11-27T03:45:00+05:45,3.75,3,1.554183371320277,0.8314696123025451,0.5555702330196024,0.43388373911755823,-0.900968867902419,1
2025-11-26 23:00:00+00:00,32.31650018692017,50.06666666666667,48.12666664123535,17.07916692097982,2302.069337972005,2025-11-27T04:45:00+05:45,4.75,3,1.5492601728862558,0.9469301294951056,0.3214394653031617,0.43388373911755823,-0.900968867902419,1
2025-11-27 00:00:00+00:00,35.741999816894534,56.04766642252604,48.351666704813645,16.797499752044676,2641.3116536458333,2025-11-27T05:45:00+05:45,5.75,3,1.5681178084510377,0.9978589232386035,0.06540312923014327,0.43388373911755823,-0.900968867902419,1
2025-11-27 01:00:00+00:00,48.42799987792969,77.94733327229818,48.59116655985514,16.660333855946856,3615.133821614583,2025-11-27T06:45:00+05:45,6.75,3,1.6095509512838968,0.9807852804032304,-0.1950903220161282,0.43388373911755823,-0.900968867902419,1
2025-11-27 02:00:00+00:00,62.73233337402343,100.99879169464111,48.585388877656726,17.109305649333532,4644.817711046007,2025-11-27T07:45:00+05:45,7.75,3,1.6099957751047609,0.8968727415326884,-0.44228869021900113,0.43388373911755823,-0.900968867902419,1
2025-11-27 03:00:00+00:00,66.20427809821236,102.25936143663192,42.4516249232822,20.96772221194373,4872.555352105034,2025-11-27T08:45:00+05:45,8.75,3,1.5446035267529505,0.7518398074789774,-0.6593458151000688,0.43388373911755823,-0.900968867902419,1
2025-11-27 04:00:00+00:00,60.10924987792969,94.79204184214274,38.94645830790201,22.36058328946432,4473.975813802083,2025-11-27T09:45:00+05:45,9.75,3,1.5769959205055315,0.5555702330196025,-0.831469612302545,0.43388373911755823,-0.900968867902419,1
2025-11-27 05:00:00+00:00,65.05849990844726,102.90783360799156,37.72249984741211,22.950333309173587,4802.108496093751,2025-11-27T10:45:00+05:45,10.75,3,1.5817738458895807,0.32143946530316175,-0.9469301294951056,0.43388373911755823,-0.900968867902419,1
2025-11-27 06:00:00+00:00,70.96366678873697,112.49983342488603,34.924499956766766,24.796999994913737,5230.783984375002,2025-11-27T11:45:00+05:45,11.75,3,1.585315958373525,0.06540312923014312,-0.9978589232386035,0.43388373911755823,-0.900968867902419,1
2025-11-27 07:00:00+00:00,45.05000006357829,71.4004997253418,29.930499903361007,27.396833324432368,3352.289162190755,2025-11-27T12:45:00+05:45,12.75,3,1.5849167508229858,-0.19509032201612792,-0.9807852804032305,0.43388373911755823,-0.900968867902419,0
2025-11-27 08:00:00+00:00,55.678166453043616,88.57849960327148,29.53866675694784,27.09533344904582,4126.688834635417,2025-11-27T13:45:00+05:45,13.75,3,1.59090187853033,-0.44228869021900147,-0.8968727415326883,0.43388373911755823,-0.900968867902419,0
2025-11-27 09:00:00+00:00,47.42750015258789,75.79366709391276,30.36399993896485,26.494499969482423,3534.4168294270835,2025-11-27T14:45:00+05:45,14.75,3,1.5980953423659852,-0.6593458151000688,-0.7518398074789774,0.43388373911755823,-0.900968867902419,0
2025-11-27 10:00:00+00:00,17.64216677347819,28.82799997329712,29.028166834513343,25.79916661580404,1079.67282816569,2025-11-27T15:45:00+05:45,15.75,3,1.6340396473654704,-0.8314696123025452,-0.5555702330196022,0.43388373911755823,-0.900968867902419,0
2025-11-27 11:00:00+00:00,15.072333335876465,27.158499972025552,28.82733325958252,24.803166675567624,931.9746683756512,2025-11-27T16:45:00+05:45,16.75,3,1.801877610242374,-0.9469301294951056,-0.3214394653031618,0.43388373911755823,-0.900968867902419,0
2025-11-27 12:00:00+00:00,30.26683330535889,44.73566694259642,31.620333353678387,23.56016670862833,2081.9388264973954,2025-11-27T17:45:00+05:45,17.75,3,1.4780425322749489,-0.9978589232386035,-0.06540312923014273,0.43388373911755823,-0.900968867902419,0
2025-11-27 13:00:00+00:00,63.08583345413208,95.59716669718422,36.56333306630453,22.49716679255168,4607.544333902994,2025-11-27T18:45:00+05:45,18.75,3,1.5153507762830811,-0.9807852804032304,0.1950903220161283,0.43388373911755823,-0.900968867902419,1
2025-11-27 14:00:00+00:00,105.75849990844726,168.43816706339518,40.50000006357829,21.41800003051758,7752.772167968749,2025-11-27T19:45:00+05:45,19.75,3,1.5926678915567853,-0.8968727415326884,0.442288690219001,0.43388373911755823,-0.900968867902419,1
2025-11-27 15:00:00+00:00,87.12233327229818,136.16900024414062,42.10466664632162,20.65,6362.783333333333,2025-11-27T20:45:00+05:45,20.75,3,1.5629631935883603,-0.7518398074789772,0.6593458151000691,0.43388373911755823,-0.900968867902419,1
2025-11-27 16:00:00+00:00,81.78883336385091,127.34700012207033,43.58283322652181,19.757666714986165,6001.849999999999,2025-11-27T21:45:00+05:45,21.75,3,1.5570218437466459,-0.555570233019603,0.8314696123025447,0.43388373911755823,-0.900968867902419,1
2025-11-27 17:00:00+00:00,84.35729185740152,131.09925003051754,44.70079153378804,19.13362498283386,6190.108154296875,2025-11-27T22:45:00+05:45,22.75,3,1.5540950538351697,-0.32143946530316186,0.9469301294951056,0.43388373911755823,-0.900968867902419,1
2025-11-27 18:00:00+00:00,71.19483311971028,111.03666636149087,45.407333119710295,18.63116668065389,5241.436328125,2025-11-27T23:45:00+05:45,23.75,3,1.5596169201603254,-0.0654031292301428,0.9978589232386035,0.43388373911755823,-0.900968867902419,1
2025-11-27 19:00:00+00:00,60.74116694132488,93.46650009155272,46.2980000813802,18.108833440144856,4477.52265625,2025-11-28T00:45:00+05:45,0.75,4,1.5387669483176056,0.19509032201612825,0.9807852804032304,-0.433883739117558,-0.9009688679024191,1
2025-11-27 20:00:00+00:00,67.95033315022786,105.25583318074546,46.818833223978686,17.756666755676267,4995.410677083333,2025-11-28T01:45:00+05:45,1.75,4,1.5490112895847148,0.44228869021900125,0.8968727415326884,-0.433883739117558,-0.9009688679024191,1
2025-11-27 21:00:00+00:00,60.51966654459636,93.93383305867512,47.33716691335042,17.379000059763587,4432.75,2025-11-28T02:45:00+05:45,2.75,4,1.5521207967901836,0.6593458151000688,0.7518398074789774,-0.433883739117558,-0.9009688679024191,1
2025-11-27 22:00:00+00:00,39.58349990844727,60.59799957275391,47.76133346557617,16.954333305358883,2937.014485677084,2025-11-28T03:45:00+05:45,3.75,4,1.5308903889982215,0.8314696123025451,0.5555702330196024,-0.433883739117558,-0.9009688679024191,1
2025-11-27 23:00:00+00:00,34.67233327229818,52.475,47.96233329772949,16.628333600362144,2539.1443359375003,2025-11-28T04:45:00+05:45,4.75,4,1.5134545341350143,0.9469301294951056,0.3214394653031617,-0.433883739117558,-0.9009688679024191,1
2025-11-28 00:00:00+00:00,36.90299987792969,54.85049972534179,48.09949995676678,16.340999984741213,2748.736328125,2025-11-28T05:45:00+05:45,5.75,4,1.4863425712484106,0.9978589232386035,0.06540312923014327,-0.433883739117558,-0.9009688679024191,1
2025-11-28 01:00:00+00:00,72.32766672770184,119.0168332417806,48.45666650136312,16.06166685422262,5295.955338541667,2025-11-28T06:45:00+05:45,6.75,4,1.6455229184960918,0.9807852804032304,-0.1950903220161282,-0.433883739117558,-0.9009688679024191,1
2025-11-28 02:00:00+00:00,69.28300018310547,105.77216669718426,47.70266679128011,16.79516665140788,5100.380501302083,2025-11-28T07:45:00+05:45,7.75,4,1.5266683950989843,0.8968727415326884,-0.44228869021900113,-0.433883739117558,-0.9009688679024191,1
2025-11-28 03:00:00+00:00,80.1974998474121,120.81699981689452,41.96433347066243,20.4188333829244,5849.611002604167,2025-11-28T08:45:00+05:45,8.75,4,1.5064933451387783,0.7518398074789774,-0.6593458151000688,-0.433883739117558,-0.9009688679024191,1
2025-11-28 04:00:00+00:00,74.66149978637695,113.11616694132488,35.03366686503092,24.43333336512248,5454.247819010417,2025-11-28T09:45:00+05:45,9.75,4,1.5150535050189888,0.5555702330196025,-0.831469612302545,-0.433883739117558,-0.9009688679024191,1
2025-11-28 05:00:00+00:00,62.1306666056315,94.89183324178062,31.22850008010864,27.45116675694784,4556.208170572917,2025-11-28T10:45:00+05:45,10.75,4,1.5272946264056286,0.32143946530316175,-0.9469301294951056,-0.433883739117558,-0.9009688679024191,0
2025-11-28 06:00:00+00:00,52.38899993896485,78.14150009155274,26.84150009155273,30.2593334197998,3884.242154947917,2025-11-28T11:45:00+05:45,11.75,4,1.4915631178795266,0.06540312923014312,-0.9978589232386035,-0.433883739117558,-0.9009688679024191,0
2025-11-28 07:00:00+00:00,35.15283330281576,53.42216669718425,25.754000059763587,29.819833342234293,2560.977992757161,2025-11-28T12:45:00+05:45,12.75,4,1.5197115474872722,-0.19509032201612792,-0.9807852804032305,-0.433883739117558,-0.9009688679024191,0
2025-11-28 08:00:00+00:00,27.755666605631514,42.6693333307902,26.66300001144409,28.560333379109704,1883.636167399089,2025-11-28T13:45:00+05:45,13.75,4,1.537319709775328,-0.44228869021900147,-0.8968727415326883,-0.433883739117558,-0.9009688679024191,0
2025-11-28 09:00:00+00:00,7.917166678110759,17.88083330790202,28.4891666094462,26.35033330917359,650.3888315836589,2025-11-28T14:45:00+05:45,14.75,4,2.258488931064017,-0.6593458151000688,-0.7518398074789774,-0.433883739117558,-0.9009688679024191,0
2025-11-28 10:00:00+00:00,10.350333340962727,21.15033334096273,31.527166906992598,25.24399998982748,750.4551676432292,2025-11-28T15:45:00+05:45,15.75,4,2.043444654797509,-0.8314696123025452,-0.5555702330196022,-0.433883739117558,-0.9009688679024191,0
2025-11-28 11:00:00+00:00,11.50249999364217,22.25633335113525,33.452666536966966,24.210166835784914,781.4029988606771,2025-11-28T16:45:00+05:45,16.75,4,1.9349127027548008,-0.9469301294951056,-0.3214394653031618,-0.433883739117558,-0.9009688679024191,0
2025-11-28 12:00:00+00:00,16.00480555958218,25.259305556615196,35.092388990190294,22.921486073070103,897.5227634853786,2025-11-28T17:45:00+05:45,17.75,4,1.578232579120106,-0.9978589232386035,-0.06540312923014273,-0.433883739117558,-0.9009688679024191,0
2025-11-28 13:00:00+00:00,22.89133332570394,33.60266682306925,36.401333491007485,22.30583318074545,1297.696829223633,2025-11-28T18:45:00+05:45,18.75,4,1.4679209089729124,-0.9807852804032304,0.1950903220161283,-0.433883739117558,-0.9009688679024191,0
2025-11-28 14:00:00+00:00,44.53833363850912,66.00800018310547,38.39416643778483,21.68899987538656,3279.191505940755,2025-11-28T19:45:00+05:45,19.75,4,1.4820491650822125,-0.8968727415326884,0.442288690219001,-0.433883739117558,-0.9009688679024191,0
2025-11-28 15:00:00+00:00,60.44700012207032,90.9581667582194,41.202500152587895,20.595166587829592,4455.347330729167,2025-11-28T20:45:00+05:45,20.75,4,1.5047589884449681,-0.7518398074789772,0.6593458151000691,-0.433883739117558,-0.9009688679024191,1
2025-11-28 16:00:00+00:00,54.05833333333334,81.20299987792968,43.037333424886064,19.706666692097983,4020.513509114584,2025-11-28T21:45:00+05:45,21.75,4,1.5021365785958936,-0.555570233019603,0.8314696123025447,-0.433883739117558,-0.9009688679024191,1
2025-11-28 17:00:00+00:00,40.52499996821086,60.25583318074545,43.57299989064534,19.16766684850057,3000.692154947917,2025-11-28T22:45:00+05:45,22.75,4,1.4868805238250982,-0.32143946530316186,0.9469301294951056,-0.433883739117558,-0.9009688679024191,1
2025-11-28 18:00:00+00:00,40.70049972534179,60.355999755859365,44.49300003051758,18.695833333333333,3037.69248046875,2025-11-28T23:45:00+05:45,23.75,4,1.4829301891416153,-0.0654031292301428,0.9978589232386035,-0.433883739117558,-0.9009688679024191,1
2025-11-28 19:00:00+00:00,43.96199951171875,65.53050003051759,45.77333316802978,18.169666639963783,3282.0694986979165,2025-11-29T00:45:00+05:45,0.75,5,1.4906169136608407,0.19509032201612825,0.9807852804032304,-0.9749279121818236,-0.2225209339563146,1
2025-11-28 20:00:00+00:00,40.21949996948242,59.419499969482416,46.54349981943766,17.72083365122477,3004.470149739584,2025-11-29T01:45:00+05:45,1.75,5,1.4773803755533632,0.44228869021900125,0.8968727415326884,-0.9749279121818236,-0.2225209339563146,1
2025-11-28 21:00:00+00:00,48.23883336385091,71.325,46.76883309682211,17.407999897003172,3573.00283203125,2025-11-29T02:45:00+05:45,2.75,5,1.4785805341107057,0.6593458151000688,0.7518398074789774,-0.9749279121818236,-0.2225209339563146,1
2025-11-28 22:00:00+00:00,36.58033339182536,54.33916651407878,47.253500111897786,17.047166792551675,2671.5361673990888,2025-11-29T03:45:00+05:45,3.75,5,1.4854748843328474,0.8314696123025451,0.5555702330196024,-0.9749279121818236,-0.2225209339563146,1
2025-11-28 23:00:00+00:00,32.41116660435996,48.57816645304362,47.40816688537598,16.68616650899251,2298.961328125,2025-11-29T04:45:00+05:45,4.75,5,1.498809562951951,0.9469301294951056,0.3214394653031617,-0.9749279121818236,-0.2225209339563146,1
2025-11-29 00:00:00+00:00,32.84729172388713,49.50308316548666,47.90216663678486,16.299416716893518,2337.937497965496,2025-11-29T05:45:00+05:45,5.75,5,1.5070674191835165,0.9978589232386035,0.06540312923014327,-0.9749279121818236,-0.2225209339563146,1
2025-11-29 01:00:00+00:00,53.69166666666667,81.33600006103516,48.082666714986175,16.066333421071374,3923.838997395833,2025-11-29T06:45:00+05:45,6.75,5,1.51487195519544,0.9807852804032304,-0.1950903220161282,-0.9749279121818236,-0.2225209339563146,1
2025-11-29 02:00:00+00:00,74.15550003051759,112.8775001525879,47.64833316802979,16.764666700363158,5497.52783203125,2025-11-29T07:45:00+05:45,7.75,5,1.522173002759537,0.8968727415326884,-0.44228869021900113,-0.9749279121818236,-0.2225209339563146,1
2025-11-29 03:00:00+00:00,72.10283330281577,106.91999969482424,41.4625000635783,20.617166582743327,5260.810514322918,2025-11-29T08:45:00+05:45,8.75,5,1.4828820837841998,0.7518398074789774,-0.6593458151000688,-0.9749279121818236,-0.2225209339563146,1
2025-11-29 04:00:00+00:00,61.78633321126302,91.21166636149088,35.68599999745687,23.983166599273684,4539.252994791666,2025-11-29T09:45:00+05:45,9.75,5,1.476243395924067,0.5555702330196025,-0.831469612302545,-0.9749279121818236,-0.2225209339563146,1
2025-11-29 05:00:00+00:00,74.08633321126301,110.04166666666669,31.164000034332275,27.346500015258787,5408.883821614582,2025-11-29T10:45:00+05:45,10.75,5,1.4853166825367672,0.32143946530316175,-0.9469301294951056,-0.9749279121818236,-0.2225209339563146,1
2025-11-29 06:00:00+00:00,57.0331667582194,85.8138333638509,27.618500041961667,29.84350010553996,4183.661165364584,2025-11-29T11:45:00+05:45,11.75,5,1.5046303447893983,0.06540312923014312,-0.9978589232386035,-0.9749279121818236,-0.2225209339563146,0
2025-11-29 07:00:00+00:00,21.91933336456617,32.7748335202535,24.502166652679445,30.1288332939148,1412.3938318888347,2025-11-29T12:45:00+05:45,12.75,5,1.4952477329094258,-0.19509032201612792,-0.9807852804032305,-0.9749279121818236,-0.2225209339563146,0
2025-11-29 08:00:00+00:00,2.3253333270549774,5.26400000055631,23.72933333714803,27.95650005340576,365.0226682027181,2025-11-29T13:45:00+05:45,13.75,5,2.26376147424126,-0.44228869021900147,-0.8968727415326883,-0.9749279121818236,-0.2225209339563146,0
2025-11-29 09:00:00+00:00,2.6868333478768665,5.393999989827474,25.875166638692225,25.57716671625773,386.2274988810221,2025-11-29T14:45:00+05:45,14.75,5,2.0075677540960286,-0.6593458151000688,-0.7518398074789774,-0.9749279121818236,-0.2225209339563146,0
2025-11-29 10:00:00+00:00,3.794333330790202,7.203166675567629,27.770500087738043,24.62450002034505,447.2054992675781,2025-11-29T15:45:00+05:45,15.75,5,1.8984011281021294,-0.8314696123025452,-0.5555702330196022,-0.9749279121818236,-0.2225209339563146,0
2025-11-29 11:00:00+00:00,6.749666659037271,14.580333328247072,30.083166758219395,23.774666786193848,602.452668762207,2025-11-29T16:45:00+05:45,16.75,5,2.160156058777385,-0.9469301294951056,-0.3214394653031618,-0.9749279121818236,-0.2225209339563146,0
2025-11-29 12:00:00+00:00,18.51683333714803,28.596500015258783,34.05933313369751,22.684666697184245,1025.7474985758463,2025-11-29T17:45:00+05:45,17.75,5,1.544351536495669,-0.9978589232386035,-0.06540312923014273,-0.9749279121818236,-0.2225209339563146,0
2025-11-29 13:00:00+00:00,28.5504999478658,42.6445000330607,37.05766684214274,21.9155001004537,1902.6224995930984,2025-11-29T18:45:00+05:45,18.75,5,1.4936516036822836,-0.9807852804032304,0.1950903220161283,-0.9749279121818236,-0.2225209339563146,0
2025-11-29 14:00:00+00:00,47.91716639200846,71.42466684977214,37.63433303833008,21.034166653951008,3551.8303385416657,2025-11-29T19:45:00+05:45,19.75,5,1.4905861975528714,-0.8968727415326884,0.442288690219001,-0.9749279121818236,-0.2225209339563146,0
2025-11-29 15:00:00+00:00,61.63083318074544,92.2495002746582,40.513499895731606,20.03400007883708,4564.435677083334,2025-11-29T20:45:00+05:45,20.75,5,1.4968076125811418,-0.7518398074789772,0.6593458151000691,-0.9749279121818236,-0.2225209339563146,1
2025-11-29 16:00:00+00:00,44.01699981689453,65.1668332417806,41.2494997660319,19.335166613260903,3271.883333333333,2025-11-29T21:45:00+05:45,21.75,5,1.480492389596448,-0.555570233019603,0.8314696123025447,-0.9749279121818236,-0.2225209339563146,1
2025-11-29 17:00:00+00:00,45.28633321126302,67.06399993896484,43.14966665903728,18.78400004704793,3374.1866536458333,2025-11-29T22:45:00+05:45,22.75,5,1.4808882765161824,-0.32143946530316186,0.9469301294951056,-0.9749279121818236,-0.2225209339563146,1
2025-11-29 18:00:00+00:00,55.172333272298175,81.67516657511393,44.72066650390625,18.264166673024494,4099.280501302083,2025-11-29T23:45:00+05:45,23.75,5,1.4803645546765871,-0.0654031292301428,0.9978589232386035,-0.9749279121818236,-0.2225209339563146,1
2025-11-29 19:00:00+00:00,36.97516657511394,55.096666971842446,45.63666661580404,17.84333324432373,2733.3858398437496,2025-11-30T00:45:00+05:45,0.75,6,1.4900992226746355,0.19509032201612825,0.9807852804032304,-0.7818314824680299,0.6234898018587334,1
2025-11-29 20:00:00+00:00,44.91116663614909,67.24449996948243,46.405333391825366,17.357499853769937,3354.25283203125,2025-11-30T01:45:00+05:45,1.75,6,1.4972779601622994,0.44228869021900125,0.8968727415326884,-0.7818314824680299,0.6234898018587334,1
2025-11-29 21:00:00+00:00,69.9163335164388,106.83033345540365,46.85883324941,17.110166962941488,5151.06416015625,2025-11-30T02:45:00+05:45,2.75,6,1.5279739094196865,0.6593458151000688,0.7518398074789774,-0.7818314824680299,0.6234898018587334,1
2025-11-29 22:00:00+00:00,54.98949966430664,82.88583348592122,47.25583305358887,16.68016672134399,4067.5559895833326,2025-11-30T03:45:00+05:45,3.75,6,1.5073029213197575,0.8314696123025451,0.5555702330196024,-0.7818314824680299,0.6234898018587334,1
2025-11-29 23:00:00+00:00,34.68300011952718,51.78000030517578,47.38350009918212,16.383500035603838,2395.233660888672,2025-11-30T04:45:00+05:45,4.75,6,1.4929504404673075,0.9469301294951056,0.3214394653031617,-0.7818314824680299,0.6234898018587334,1
2025-11-30 00:00:00+00:00,31.360999997456872,47.5745002746582,47.71116676330566,16.00700001716614,2143.174664306641,2025-11-30T05:45:00+05:45,5.75,6,1.5169956403978226,0.9978589232386035,0.06540312923014327,-0.7818314824680299,0.6234898018587334,1
2025-11-30 01:00:00+00:00,38.985833485921226,57.50266672770183,47.99866695404054,15.749499940872193,2882.45849609375,2025-11-30T06:45:00+05:45,6.75,6,1.4749631234244998,0.9807852804032304,-0.1950903220161282,-0.7818314824680299,0.6234898018587334,1
2025-11-30 02:00:00+00:00,78.56966654459636,120.33099975585937,47.6215000152588,16.224666595458984,5748.461165364583,2025-11-30T07:45:00+05:45,7.75,6,1.5315197969888183,0.8968727415326884,-0.44228869021900113,-0.7818314824680299,0.6234898018587334,1
2025-11-30 03:00:00+00:00,73.69400024414062,108.96866709391276,42.504166793823245,19.055666605631508,5393.238997395834,2025-11-30T08:45:00+05:45,8.75,6,1.478664026011762,0.7518398074789774,-0.6593458151000688,-0.7818314824680299,0.6234898018587334,1
2025-11-30 04:00:00+00:00,63.568833669026695,92.96600036621092,36.64616686503092,22.671000099182123,4662.080826822917,2025-11-30T09:45:00+05:45,9.75,6,1.4624462177525794,0.5555702330196025,-0.831469612302545,-0.7818314824680299,0.6234898018587334,1
2025-11-30 05:00:00+00:00,50.3066665649414,73.59911134507921,31.85530559221904,25.84261108769311,3699.859033203125,2025-11-30T10:45:00+05:45,10.75,6,1.4630091073529856,0.32143946530316175,-0.9469301294951056,-0.7818314824680299,0.6234898018587334,0
2025-11-30 06:00:00+00:00,36.68538864983453,53.91227764553494,27.567333441310456,28.36465287473467,2661.859315999349,2025-11-30T11:45:00+05:45,11.75,6,1.4695844757195482,0.06540312923014312,-0.9978589232386035,-0.7818314824680299,0.6234898018587334,0
2025-11-30 07:00:00+00:00,26.586000092824303,39.18383321762085,26.36299991607666,28.26916650136312,1672.8279947916665,2025-11-30T12:45:00+05:45,12.75,6,1.4738521432638063,-0.19509032201612792,-0.9807852804032305,-0.7818314824680299,0.6234898018587334,0
2025-11-30 08:00:00+00:00,18.44699999491373,28.73099981943766,27.43166666030884,27.36033325195313,1144.2031712849937,2025-11-30T13:45:00+05:45,13.75,6,1.5574890132465695,-0.44228869021900147,-0.8968727415326883,-0.7818314824680299,0.6234898018587334,0
2025-11-30 09:00:00+00:00,7.300666681925457,17.13083333969116,28.513500022888184,26.12333329518636,628.9971674601237,2025-11-30T14:45:00+05:45,14.75,6,2.34647520371018,-0.6593458151000688,-0.7518398074789774,-0.7818314824680299,0.6234898018587334,0
2025-11-30 10:00:00+00:00,21.10549999872844,31.688999970753997,31.172000122070312,25.41366672515869,1211.5781717936195,2025-11-30T15:45:00+05:45,15.75,6,1.5014569648984004,-0.8314696123025452,-0.5555702330196022,-0.7818314824680299,0.6234898018587334,0
2025-11-30 11:00:00+00:00,18.41591663360596,27.874666770299275,35.83454178174337,24.207166735331217,1016.9378779093424,2025-11-30T16:45:00+05:45,16.75,6,1.5136182099908446,-0.9469301294951056,-0.3214394653031618,-0.7818314824680299,0.6234898018587334,0
2025-11-30 12:00:00+00:00,35.01433331171671,52.81366678873698,38.33666648864746,22.782166608174645,2491.6391662597653,2025-11-30T17:45:00+05:45,17.75,6,1.5083442063157646,-0.9978589232386035,-0.06540312923014273,-0.7818314824680299,0.6234898018587334,0
2025-11-30 13:00:00+00:00,30.775818287242544,45.97527299360796,40.93945472023704,21.895273000543764,2115.157828036222,2025-11-30T18:45:00+05:45,18.75,6,1.493876541786901,-0.9807852804032304,0.1950903220161283,-0.7818314824680299,0.6234898018587334,0
2025-11-30 14:00:00+00:00,31.105666700998945,46.78899993896484,42.27216707865397,21.28266665140788,2174.922011311849,2025-11-30T19:45:00+05:45,19.75,6,1.5041953734257119,-0.8968727415326884,0.442288690219001,-0.7818314824680299,0.6234898018587334,0
2025-11-30 15:00:00+00:00,51.29608357747396,77.65062503814697,44.04350008964538,20.57158330281576,3833.0906738281246,2025-11-30T20:45:00+05:45,20.75,6,1.5137729749069242,-0.7518398074789772,0.6593458151000691,-0.7818314824680299,0.6234898018587334,1
2025-11-30 16:00:00+00:00,61.1856669108073,95.56949996948242,45.443166859944654,19.9,4511.741829427083,2025-11-30T21:45:00+05:45,21.75,6,1.5619589487975634,-0.555570233019603,0.8314696123025447,-0.7818314824680299,0.6234898018587334,1
2025-11-30 17:00:00+00:00,60.047166697184245,90.9168332417806,46.12549985249837,19.358333269755047,4444.76650390625,2025-11-30T22:45:00+05:45,22.75,6,1.5140903100436194,-0.32143946530316186,0.9469301294951056,-0.7818314824680299,0.6234898018587334,1
2025-11-30 18:00:00+00:00,53.88333333333333,79.34666697184244,46.502500216166176,19.026333332061768,3972.6533203125,2025-11-30T23:45:00+05:45,23.75,6,1.4725641875380595,-0.0654031292301428,0.9978589232386035,-0.7818314824680299,0.6234898018587334,1
2025-11-30 19:00:00+00:00,50.609166208903,75.72249984741212,47.23149986267091,18.810499509175617,3740.677994791666,2025-12-01T00:45:00+05:45,0.75,0,1.4962210508437752,0.19509032201612825,0.9807852804032304,0.0,1.0,1
2025-11-30 20:00:00+00:00,56.85583318074544,87.14466654459635,47.7040002822876,18.712833213806157,4184.322330729167,2025-12-01T01:45:00+05:45,1.75,0,1.5327304459256152,0.44228869021900125,0.8968727415326884,0.0,1.0,1
2025-11-30 21:00:00+00:00,37.93909736209445,56.85362478892009,47.857736089494495,18.29194448259141,2816.1238823784715,2025-12-01T02:45:00+05:45,2.75,0,1.4985497479368983,0.6593458151000688,0.7518398074789774,0.0,1.0,1
2025-11-30 22:00:00+00:00,48.09716669718424,69.48850021362306,48.42999998728434,17.913333161671957,3543.1,2025-12-01T03:45:00+05:45,3.75,0,1.444752466421086,0.8314696123025451,0.5555702330196024,0.0,1.0,1
2025-11-30 23:00:00+00:00,46.09483311971028,66.65,49.074999936421705,17.53400011062622,3346.330826822917,2025-12-01T04:45:00+05:45,4.75,0,1.4459321249066477,0.9469301294951056,0.3214394653031617,0.0,1.0,1
2025-12-01 00:00:00+00:00,41.577999877929685,60.844999694824224,49.2201665242513,17.284999815622964,3112.039811197916,2025-12-01T05:45:00+05:45,5.75,0,1.4633940996070327,0.9978589232386035,0.06540312923014327,0.0,1.0,1
2025-12-01 01:00:00+00:00,41.94199981689453,61.74983342488607,49.31250000000001,17.032500012715655,3133.719986979167,2025-12-01T06:45:00+05:45,6.75,0,1.4722672665696976,0.9807852804032304,-0.1950903220161282,0.0,1.0,1
2025-12-01 02:00:00+00:00,59.90833333333333,88.41100006103515,49.09683348337808,17.441833400726317,4443.980989583333,2025-12-01T07:45:00+05:45,7.75,0,1.4757713183091137,0.8968727415326884,-0.44228869021900113,0.0,1.0,1
2025-12-01 03:00:00+00:00,81.6443333943685,126.20333302815756,46.30716629028321,19.4568333307902,5964.663997395834,2025-12-01T08:45:00+05:45,8.75,0,1.5457696545644473,0.7518398074789774,-0.6593458151000688,0.0,1.0,1
2025-12-01 04:00:00+00:00,43.57516657511393,65.8663335164388,40.69766667683919,22.60683326721191,3235.227669270833,2025-12-01T09:45:00+05:45,9.75,0,1.5115566661781965,0.5555702330196025,-0.831469612302545,0.0,1.0,0
2025-12-01 05:00:00+00:00,58.33916651407878,88.02466684977215,36.58900025685629,24.996999963124598,4301.761328125001,2025-12-01T10:45:00+05:45,10.75,0,1.508843408459212,0.32143946530316175,-0.9469301294951056,0.0,1.0,1
2025-12-01 06:00:00+00:00,43.80833333333334,65.79166666666667,31.845833269755044,28.09116671880086,3249.213834635417,2025-12-01T11:45:00+05:45,11.75,0,1.5018071143237588,0.06540312923014312,-0.9978589232386035,0.0,1.0,0
2025-12-01 07:00:00+00:00,37.38600006103516,56.95833333333332,30.290500036875404,28.59600006739298,2776.2059895833336,2025-12-01T12:45:00+05:45,12.75,0,1.5235203883899056,-0.19509032201612792,-0.9807852804032305,0.0,1.0,0
2025-12-01 08:00:00+00:00,29.536166604359945,44.46399993896484,28.794000053405764,27.634833272298177,1934.7556640625,2025-12-01T13:45:00+05:45,13.75,0,1.5054086244354181,-0.44228869021900147,-0.8968727415326883,0.0,1.0,0
2025-12-01 10:00:00+00:00,29.294458301862083,44.21766637166342,34.15902785725064,25.388250080744427,1925.5975267198348,2025-12-01T15:45:00+05:45,15.75,0,1.509420857556965,-0.8314696123025452,-0.5555702330196022,0.0,1.0,0
2025-12-01 11:00:00+00:00,28.2056666692098,44.04199981689453,35.94099992116293,24.26433347066244,1834.8969848632807,2025-12-01T16:45:00+05:45,16.75,0,1.5614592745993192,-0.9469301294951056,-0.3214394653031618,0.0,1.0,0
2025-12-01 12:00:00+00:00,66.50816672643025,105.69383366902667,37.691000111897786,23.069833310445148,4825.436653645833,2025-12-01T17:45:00+05:45,17.75,0,1.5891857928332296,-0.9978589232386035,-0.06540312923014273,0.0,1.0,1
2025-12-01 13:00:00+00:00,49.89783299763997,79.21983311971029,41.165833473205566,22.04466673533122,3701.4940104166662,2025-12-01T18:45:00+05:45,18.75,0,1.587640752323997,-0.9807852804032304,0.1950903220161283,0.0,1.0,1
2025-12-01 14:00:00+00:00,71.24449996948242,118.03916651407876,43.32500025431315,21.330833339691164,5273.3806640625,2025-12-01T19:45:00+05:45,19.75,0,1.6568179517666743,-0.8968727415326884,0.442288690219001,0.0,1.0,1
2025-12-01 15:00:00+00:00,106.35800018310546,190.8971666971842,45.36583347320556,20.57583328882853,7867.544824218749,2025-12-01T20:45:00+05:45,20.75,0,1.7948547957702898,-0.7518398074789772,0.6593458151000691,0.0,1.0,1
2025-12-01 16:00:00+00:00,142.3383193757799,261.998164261712,46.66083346472846,19.923958404858908,10498.268896484376,2025-12-01T21:45:00+05:45,21.75,0,1.8406720369517957,-0.555570233019603,0.8314696123025447,0.0,1.0,1
2025-12-01 17:00:00+00:00,95.56966654459636,159.64766667683918,47.50616645812988,19.343166732788085,7026.697656250001,2025-12-01T22:45:00+05:45,22.75,0,1.670484709731007,-0.32143946530316186,0.9469301294951056,0.0,1.0,1
2025-12-01 18:00:00+00:00,84.88600006103518,137.9284996032715,47.886833318074544,18.851833343505856,6233.380013020833,2025-12-01T23:45:00+05:45,23.75,0,1.6248674634697997,-0.0654031292301428,0.9978589232386035,0.0,1.0,1
2025-12-01 19:00:00+00:00,62.97812519073486,99.63083356221516,48.29183343251546,18.449124908447267,4649.150952148438,2025-12-02T00:45:00+05:45,0.75,1,1.5819911002506712,0.19509032201612825,0.9807852804032304,0.7818314824680298,0.6234898018587336,1
2025-12-01 20:00:00+00:00,72.52783330281576,120.6101111518012,49.22716676923963,18.01694452497694,5352.013780381945,2025-12-02T01:45:00+05:45,1.75,1,1.6629493211004103,0.44228869021900125,0.8968727415326884,0.7818314824680298,0.6234898018587336,1
2025-12-01 21:00:00+00:00,110.36366678873696,197.67200012207027,49.226166788736975,17.71800003051758,8187.280664062501,2025-12-02T02:45:00+05:45,2.75,1,1.7910967066766892,0.6593458151000688,0.7518398074789774,0.7818314824680298,0.6234898018587336,1
2025-12-01 22:00:00+00:00,120.2918332417806,201.97549921671552,49.46083335876465,17.384666411081948,8800.738997395834,2025-12-02T03:45:00+05:45,3.75,1,1.6790458152778736,0.8314696123025451,0.5555702330196024,0.7818314824680298,0.6234898018587336,1
2025-12-01 23:00:00+00:00,52.93850021362305,86.21116663614909,50.3613333384196,17.120333607991537,3920.3056640625,2025-12-02T04:45:00+05:45,4.75,1,1.6285154715048715,0.9469301294951056,0.3214394653031617,0.7818314824680298,0.6234898018587336,1
2025-12-02 00:00:00+00:00,77.53099975585937,134.90550003051757,49.65333309173584,16.875999704996744,5786.980826822916,2025-12-02T05:45:00+05:45,5.75,1,1.7400201268567048,0.9978589232386035,0.06540312923014327,0.7818314824680298,0.6234898018587336,1
2025-12-02 01:00:00+00:00,80.14716669718425,130.37249984741212,49.79383322397868,16.645000425974526,5915.238509114583,2025-12-02T06:45:00+05:45,6.75,1,1.6266638637394577,0.9807852804032304,-0.1950903220161282,0.7818314824680298,0.6234898018587336,1
2025-12-02 02:00:00+00:00,111.8581667582194,193.6778333028157,49.89633350372315,16.804000059763588,8265.066829427082,2025-12-02T07:45:00+05:45,7.75,1,1.7314590334870132,0.8968727415326884,-0.44228869021900113,0.7818314824680298,0.6234898018587336,1
2025-12-02 03:00:00+00:00,94.70333302815754,153.36949996948243,50.07883319854735,17.62283322016398,6947.05517578125,2025-12-02T08:45:00+05:45,8.75,1,1.619473096304668,0.7518398074789774,-0.6593458151000688,0.7818314824680298,0.6234898018587336,1
2025-12-02 04:00:00+00:00,79.59654568758877,130.03345447887074,46.67109104503285,20.15454535050825,5840.072727272727,2025-12-02T09:45:00+05:45,9.75,1,1.6336570055344302,0.5555702330196025,-0.831469612302545,0.7818314824680298,0.6234898018587336,1
2025-12-02 05:00:00+00:00,50.1111666361491,82.68666636149088,37.7656665166219,25.233833281199136,3734.949837239583,2025-12-02T10:45:00+05:45,10.75,1,1.6500646844219053,0.32143946530316175,-0.9469301294951056,0.7818314824680298,0.6234898018587336,0
2025-12-02 06:00:00+00:00,41.18566691080729,66.53899993896484,31.827166716257736,28.80866654713948,3099.013997395833,2025-12-02T11:45:00+05:45,11.75,1,1.6155863175182608,0.06540312923014312,-0.9978589232386035,0.7818314824680298,0.6234898018587336,0
2025-12-02 07:00:00+00:00,45.86166636149088,74.95800018310547,31.050666681925453,28.87733341852824,3444.3135091145828,2025-12-02T12:45:00+05:45,12.75,1,1.6344369084252506,-0.19509032201612792,-0.9807852804032305,0.7818314824680298,0.6234898018587336,0
2025-12-02 08:00:00+00:00,49.988666788736985,81.19166666666665,33.14233344395955,27.4991668065389,3709.80283203125,2025-12-02T13:45:00+05:45,13.75,1,1.62420148170385,-0.44228869021900147,-0.8968727415326883,0.7818314824680298,0.6234898018587336,0
2025-12-02 09:00:00+00:00,29.680166721343998,46.07150039672851,34.84683329264323,25.58250007629394,1981.0365071614583,2025-12-02T14:45:00+05:45,14.75,1,1.5522655525919589,-0.6593458151000688,-0.7518398074789774,0.7818314824680298,0.6234898018587336,0
2025-12-02 10:00:00+00:00,29.659708261489868,46.150749969482426,37.36429141362509,24.59229159355164,1982.3087102254235,2025-12-02T15:45:00+05:45,15.75,1,1.5560082237695003,-0.8314696123025452,-0.5555702330196022,0.7818314824680298,0.6234898018587336,0
2025-12-02 11:00:00+00:00,31.98033345540364,50.50033315022787,38.49966665903728,23.93916683197021,2260.099841308594,2025-12-02T16:45:00+05:45,16.75,1,1.5791058970867282,-0.9469301294951056,-0.3214394653031618,0.7818314824680298,0.6234898018587336,0
2025-12-02 12:00:00+00:00,46.3361665725708,77.08933308919269,41.79616680145264,22.77383327484131,3425.619986979167,2025-12-02T17:45:00+05:45,17.75,1,1.6636968224045225,-0.9978589232386035,-0.06540312923014273,0.7818314824680298,0.6234898018587336,0
2025-12-02 13:00:00+00:00,46.985833485921226,77.5883336385091,43.98816655476888,21.792333348592123,3525.8416666666667,2025-12-02T18:45:00+05:45,18.75,1,1.6513133402594118,-0.9807852804032304,0.1950903220161283,0.7818314824680298,0.6234898018587336,1
2025-12-02 14:00:00+00:00,57.50899963378907,93.97783330281574,45.38250001271566,21.18399979273478,4281.794335937499,2025-12-02T19:45:00+05:45,19.75,1,1.6341413326828176,-0.8968727415326884,0.442288690219001,0.7818314824680298,0.6234898018587336,1
2025-12-02 15:00:00+00:00,80.31416651407878,133.44100036621094,47.09733308156331,20.43200006484985,5953.325325520833,2025-12-02T20:45:00+05:45,20.75,1,1.6614877070637248,-0.7518398074789772,0.6593458151000691,0.7818314824680298,0.6234898018587336,1
2025-12-02 16:00:00+00:00,85.5224998474121,142.27566630045573,48.199999936421705,19.780666700998943,6287.636165364584,2025-12-02T21:45:00+05:45,21.75,1,1.6636050928621324,-0.555570233019603,0.8314696123025447,0.7818314824680298,0.6234898018587336,1
2025-12-02 17:00:00+00:00,83.4163335164388,137.43633321126302,48.62166678110759,19.186333274841317,6136.313346354167,2025-12-02T22:45:00+05:45,22.75,1,1.647594990304609,-0.32143946530316186,0.9469301294951056,0.7818314824680298,0.6234898018587336,1
2025-12-02 18:00:00+00:00,69.68050003051756,115.61999969482424,48.996999740600586,18.722166760762537,5151.135677083333,2025-12-02T23:45:00+05:45,23.75,1,1.6592877439769638,-0.0654031292301428,0.9978589232386035,0.7818314824680298,0.6234898018587336,1
2025-12-02 19:00:00+00:00,68.57283299763996,113.97316614786786,49.84033336639404,18.6028333346049,5076.2966796875,2025-12-03T00:45:00+05:45,0.75,2,1.6620746316808934,0.19509032201612825,0.9807852804032304,0.9749279121818236,-0.22252093395631434,1
2025-12-02 20:00:00+00:00,68.04938871595594,114.14672198825411,50.245722219679095,18.94949989318848,5039.713400607639,2025-12-03T01:45:00+05:45,1.75,2,1.6774099538897027,0.44228869021900125,0.8968727415326884,0.9749279121818236,-0.22252093395631434,1
2025-12-02 21:00:00+00:00,71.48361121283638,121.58169420030384,50.127763933605614,19.115972571902805,5295.889255099827,2025-12-03T02:45:00+05:45,2.75,2,1.7008331299646386,0.6593458151000688,0.7518398074789774,0.9749279121818236,-0.22252093395631434,1
2025-12-02 22:00:00+00:00,60.68349990844726,102.93300018310543,49.97066650390625,19.04966681798299,4501.171842447917,2025-12-03T03:45:00+05:45,3.75,2,1.6962271513409688,0.8314696123025451,0.5555702330196024,0.9749279121818236,-0.22252093395631434,1
2025-12-02 23:00:00+00:00,49.01900024414064,83.77783330281576,49.84333343505859,18.53449980417887,3676.4918294270833,2025-12-03T04:45:00+05:45,4.75,2,1.709088983568773,0.9469301294951056,0.3214394653031617,0.9749279121818236,-0.22252093395631434,1
2025-12-03 00:00:00+00:00,54.66679159800213,92.11362514495848,49.4572082042694,17.898333326975504,4093.9294108072913,2025-12-03T05:45:00+05:45,5.75,2,1.6850014872342516,0.9978589232386035,0.06540312923014327,0.9749279121818236,-0.22252093395631434,1
2025-12-03 01:00:00+00:00,63.19433339436849,100.50333302815754,49.60316645304363,17.56250015894572,4683.320312500001,2025-12-03T06:45:00+05:45,6.75,2,1.5903852074989022,0.9807852804032304,-0.1950903220161282,0.9749279121818236,-0.22252093395631434,1
2025-12-03 02:00:00+00:00,71.89983342488607,115.44416681925456,50.07050005594889,17.708500067392983,5298.72734375,2025-12-03T07:45:00+05:45,7.75,2,1.605624955165708,0.8968727415326884,-0.44228869021900113,0.9749279121818236,-0.22252093395631434,1
2025-12-03 03:00:00+00:00,70.66949996948243,118.59999999999998,49.55516662597657,18.73650023142497,5229.61650390625,2025-12-03T08:45:00+05:45,8.75,2,1.678234599809191,0.7518398074789774,-0.6593458151000688,0.9749279121818236,-0.22252093395631434,1
2025-12-03 04:00:00+00:00,52.624833424886056,91.13016688028972,45.71166655222574,20.8170000076294,3913.439322916667,2025-12-03T09:45:00+05:45,9.75,2,1.7316951133035732,0.5555702330196025,-0.831469612302545,0.9749279121818236,-0.22252093395631434,1
2025-12-03 05:00:00+00:00,59.628166453043626,101.89799957275392,37.97666625976562,24.89749987920125,4462.388834635417,2025-12-03T10:45:00+05:45,10.75,2,1.7088903723544344,0.32143946530316175,-0.9469301294951056,0.9749279121818236,-0.22252093395631434,1
2025-12-03 06:00:00+00:00,62.04716669718423,105.29183298746744,32.31516640981039,28.098999881744387,4636.352994791666,2025-12-03T11:45:00+05:45,11.75,2,1.696964399701521,0.06540312923014312,-0.9978589232386035,0.9749279121818236,-0.22252093395631434,1
2025-12-03 07:00:00+00:00,55.052999877929686,93.89416681925456,30.05349992116292,28.3913332939148,4094.578157552083,2025-12-03T12:45:00+05:45,12.75,2,1.7055231690815815,-0.19509032201612792,-0.9807852804032305,0.9749279121818236,-0.22252093395631434,0
2025-12-03 08:00:00+00:00,51.06733296712239,89.00516688028972,31.748499997456864,26.98583342234294,3845.116341145833,2025-12-03T13:45:00+05:45,13.75,2,1.7428982817174348,-0.44228869021900147,-0.8968727415326883,0.9749279121818236,-0.22252093395631434,0
2025-12-03 09:00:00+00:00,39.9283330599467,67.06083348592121,34.39066664377848,25.62516644795736,2927.544986979167,2025-12-03T14:45:00+05:45,14.75,2,1.6795300065554684,-0.6593458151000688,-0.7518398074789774,0.9749279121818236,-0.22252093395631434,0
2025-12-03 10:00:00+00:00,31.364499855041505,50.26949996948241,37.36783351898193,24.6538332939148,2207.552994791667,2025-12-03T15:45:00+05:45,15.75,2,1.6027515248709483,-0.8314696123025452,-0.5555702330196022,0.9749279121818236,-0.22252093395631434,0
2025-12-03 11:00:00+00:00,30.919166723887127,49.90783360799154,39.27850011189779,23.486333306630453,2151.0113179524737,2025-12-03T16:45:00+05:45,16.75,2,1.6141390243041187,-0.9469301294951056,-0.3214394653031618,0.9749279121818236,-0.22252093395631434,0
2025-12-03 12:00:00+00:00,35.322000153859456,58.45216700236003,45.63416678110759,21.78366664250692,2624.413671875,2025-12-03T17:45:00+05:45,17.75,2,1.6548374029711694,-0.9978589232386035,-0.06540312923014273,0.9749279121818236,-0.22252093395631434,0
2025-12-03 13:00:00+00:00,41.46745827992757,69.78741671244303,46.86883355776468,21.11366697947184,3111.196012369792,2025-12-03T18:45:00+05:45,18.75,2,1.6829441592812504,-0.9807852804032304,0.1950903220161283,0.9749279121818236,-0.22252093395631434,1
2025-12-03 14:00:00+00:00,58.71133321126302,97.86650009155274,47.480499776204425,20.754333273569745,4379.763509114583,2025-12-03T19:45:00+05:45,19.75,2,1.6669098577509105,-0.8968727415326884,0.442288690219001,0.9749279121818236,-0.22252093395631434,1
2025-12-03 15:00:00+00:00,71.50333302815754,118.16650009155272,47.374000040690106,20.13933321634929,5285.777343749999,2025-12-03T20:45:00+05:45,20.75,2,1.6526012856634185,-0.7518398074789772,0.6593458151000691,0.9749279121818236,-0.22252093395631434,1
2025-12-03 16:00:00+00:00,46.619833119710286,74.59466654459635,44.16549987792968,19.292000166575114,3452.753157552084,2025-12-03T21:45:00+05:45,21.75,2,1.600062925001305,-0.555570233019603,0.8314696123025447,0.9749279121818236,-0.22252093395631434,1
2025-12-03 17:00:00+00:00,50.74733327229817,83.10599975585936,45.5911668141683,18.702000109354657,3784.4610026041664,2025-12-03T22:45:00+05:45,22.75,2,1.6376426975961917,-0.32143946530316186,0.9469301294951056,0.9749279121818236,-0.22252093395631434,1
2025-12-03 18:00:00+00:00,57.97233327229818,95.29449996948244,47.9798334757487,18.315500005086264,4306.330501302084,2025-12-03T23:45:00+05:45,23.75,2,1.6437927299196442,-0.0654031292301428,0.9978589232386035,0.9749279121818236,-0.22252093395631434,1
2025-12-03 19:00:00+00:00,39.53633321126302,63.96083348592123,46.515166536966966,18.10866696039836,2959.6583333333333,2025-12-04T00:45:00+05:45,0.75,3,1.6177735336290673,0.19509032201612825,0.9807852804032304,0.43388373911755823,-0.900968867902419,1
2025-12-03 20:00:00+00:00,39.92750015258789,66.18016688028972,47.76800022125244,18.296166388193765,3004.87265625,2025-12-04T01:45:00+05:45,1.75,3,1.6575083996587316,0.44228869021900125,0.8968727415326884,0.43388373911755823,-0.900968867902419,1
2025-12-03 21:00:00+00:00,42.482583363850914,71.9423749923706,47.66258333524069,18.4631666024526,3183.3091064453124,2025-12-04T02:45:00+05:45,2.75,3,1.6934557481169443,0.6593458151000688,0.7518398074789774,0.43388373911755823,-0.900968867902419,1
2025-12-03 22:00:00+00:00,37.23716684977213,62.65058339436849,47.79424982070922,18.330916333198548,2822.5638509114583,2025-12-04T03:45:00+05:45,3.75,3,1.6824744924103128,0.8314696123025451,0.5555702330196024,0.43388373911755823,-0.900968867902419,1
2025-12-03 23:00:00+00:00,34.62200012207031,57.54433339436849,47.63033332824708,18.35783290863037,2569.155501302083,2025-12-04T04:45:00+05:45,4.75,3,1.6620742069053949,0.9469301294951056,0.3214394653031617,0.43388373911755823,-0.900968867902419,1
2025-12-04 00:00:00+00:00,35.2754997253418,59.95800018310548,48.01466649373373,18.42049973805745,2661.52548828125,2025-12-04T05:45:00+05:45,5.75,3,1.6997066136537777,0.9978589232386035,0.06540312923014327,0.43388373911755823,-0.900968867902419,1
2025-12-04 01:00:00+00:00,38.38833363850912,65.40299987792969,46.95616715749105,18.052000013987225,2886.9915039062503,2025-12-04T06:45:00+05:45,6.75,3,1.7037207317673437,0.9807852804032304,-0.1950903220161282,0.43388373911755823,-0.900968867902419,1
2025-12-04 02:00:00+00:00,54.15,89.83283360799153,46.55783341725667,18.05416653951009,4047.8473307291674,2025-12-04T07:45:00+05:45,7.75,3,1.6589627628437957,0.8968727415326884,-0.44228869021900113,0.43388373911755823,-0.900968867902419,1
2025-12-04 03:00:00+00:00,50.22516657511394,83.99666697184246,42.15333340962729,20.39066673914592,3761.796842447917,2025-12-04T08:45:00+05:45,8.75,3,1.6724019590103651,0.7518398074789774,-0.6593458151000688,0.43388373911755823,-0.900968867902419,1
2025-12-04 04:00:00+00:00,45.76133321126303,76.76949996948242,35.823166847229004,24.12083320617676,3427.4058268229164,2025-12-04T09:45:00+05:45,9.75,3,1.6776062798491085,0.5555702330196025,-0.831469612302545,0.43388373911755823,-0.900968867902419,0
2025-12-04 05:00:00+00:00,45.02216669718424,74.81616694132488,31.435833199818926,27.13833332061768,3379.6191731770828,2025-12-04T10:45:00+05:45,10.75,3,1.6617629143557857,0.32143946530316175,-0.9469301294951056,0.43388373911755823,-0.900968867902419,0
2025-12-04 06:00:00+00:00,37.83016688028971,61.34166666666666,27.004666741689046,29.833833249409995,2836.9113281250006,2025-12-04T11:45:00+05:45,11.75,3,1.6215013499881472,0.06540312923014312,-0.9978589232386035,0.43388373911755823,-0.900968867902419,0
2025-12-04 07:00:00+00:00,29.94466667175293,47.49733327229817,25.537833309173585,28.14916655222575,2031.7026794433596,2025-12-04T12:45:00+05:45,12.75,3,1.5861700446678482,-0.19509032201612792,-0.9807852804032305,0.43388373911755823,-0.900968867902419,0
2025-12-04 08:00:00+00:00,31.58066676457723,49.82766672770183,26.16250009536743,27.132166608174643,2193.5050028483074,2025-12-04T13:45:00+05:45,13.75,3,1.5777902062407223,-0.44228869021900147,-0.8968727415326883,0.43388373911755823,-0.900968867902419,0
2025-12-04 09:00:00+00:00,35.433333301544195,57.044333394368486,26.477166652679443,25.850166765848797,2519.6110026041665,2025-12-04T14:45:00+05:45,14.75,3,1.6099059297896334,-0.6593458151000688,-0.7518398074789774,0.43388373911755823,-0.900968867902419,0
2025-12-04 10:00:00+00:00,24.869333299001056,39.13066660563151,28.743166510264075,24.985999933878578,1486.4696675618488,2025-12-04T15:45:00+05:45,15.75,3,1.5734505680215922,-0.8314696123025452,-0.5555702330196022,0.43388373911755823,-0.900968867902419,0
2025-12-04 11:00:00+00:00,26.615999984741208,42.18050003051758,33.43883333206177,23.678499984741208,1645.3943318684894,2025-12-04T16:45:00+05:45,16.75,3,1.5847798337353247,-0.9469301294951056,-0.3214394653031618,0.43388373911755823,-0.900968867902419,0
2025-12-04 12:00:00+00:00,34.68033348719279,54.76933339436849,35.72249984741212,22.33066663742066,2525.0716756184893,2025-12-04T17:45:00+05:45,17.75,3,1.579262016456515,-0.9978589232386035,-0.06540312923014273,0.43388373911755823,-0.900968867902419,0
2025-12-04 13:00:00+00:00,41.32266642252605,66.51983311971028,39.72633323669434,21.407000064849854,3088.724837239583,2025-12-04T18:45:00+05:45,18.75,3,1.6097662343359482,-0.9807852804032304,0.1950903220161283,0.43388373911755823,-0.900968867902419,0
2025-12-04 14:00:00+00:00,44.99199981689453,73.33616663614907,43.23333339691161,20.611666520436604,3361.9610026041664,2025-12-04T19:45:00+05:45,19.75,3,1.6299823731909622,-0.8968727415326884,0.442288690219001,0.43388373911755823,-0.900968867902419,1
2025-12-04 15:00:00+00:00,40.25250015258789,66.73633321126302,45.065666834513344,20.393833255767824,3029.675325520833,2025-12-04T20:45:00+05:45,20.75,3,1.657942561537322,-0.7518398074789772,0.6593458151000691,0.43388373911755823,-0.900968867902419,1
2025-12-04 16:00:00+00:00,77.2468335469564,123.86966654459634,45.584166336059575,19.451333141326906,5689.080175781251,2025-12-04T21:45:00+05:45,21.75,3,1.6035565583319231,-0.555570233019603,0.8314696123025447,0.43388373911755823,-0.900968867902419,1
2025-12-04 17:00:00+00:00,60.83583348592123,99.6331667582194,46.1303332010905,18.74233318964641,4515.480013020832,2025-12-04T22:45:00+05:45,22.75,3,1.6377381725406417,-0.32143946530316186,0.9469301294951056,0.43388373911755823,-0.900968867902419,1
2025-12-04 18:00:00+00:00,52.62566630045574,86.71166636149088,46.6226666132609,18.45949993133545,3928.555501302084,2025-12-04T23:45:00+05:45,23.75,3,1.6477067647263206,-0.0654031292301428,0.9978589232386035,0.43388373911755823,-0.900968867902419,1
2025-12-04 19:00:00+00:00,52.41900024414063,86.02500000000002,47.26049995422364,17.939166704813637,3908.3866536458336,2025-12-05T00:45:00+05:45,0.75,4,1.6411034090566397,0.19509032201612825,0.9807852804032304,-0.433883739117558,-0.9009688679024191,1
2025-12-04 20:00:00+00:00,47.42483342488607,78.35516688028972,48.05599994659424,17.70016714731852,3542.2584960937497,2025-12-05T01:45:00+05:45,1.75,4,1.652196986719895,0.44228869021900125,0.8968727415326884,-0.433883739117558,-0.9009688679024191,1
2025-12-04 21:00:00+00:00,45.758333333333326,76.2306666056315,48.58416659037272,17.572333494822185,3431.353483072917,2025-12-05T02:45:00+05:45,2.75,4,1.665940628788159,0.6593458151000688,0.7518398074789774,-0.433883739117558,-0.9009688679024191,1
2025-12-04 22:00:00+00:00,46.79999999999999,77.30016657511393,49.15216662089031,17.612000211079916,3505.719498697917,2025-12-05T03:45:00+05:45,3.75,4,1.6517129610067083,0.8314696123025451,0.5555702330196024,-0.433883739117558,-0.9009688679024191,1
2025-12-04 23:00:00+00:00,48.14733327229818,80.10849990844726,49.17500006357829,17.69516700108846,3598.1416666666664,2025-12-05T04:45:00+05:45,4.75,4,1.663820080239794,0.9469301294951056,0.3214394653031617,-0.433883739117558,-0.9009688679024191,1
2025-12-05 00:00:00+00:00,42.21916681925456,70.28933308919271,49.11283353169759,17.410333061218264,3163.3783203125,2025-12-05T05:45:00+05:45,5.75,4,1.6648678404789459,0.9978589232386035,0.06540312923014327,-0.433883739117558,-0.9009688679024191,1
2025-12-05 01:00:00+00:00,83.26416651407878,131.97016626993812,49.00483315785726,17.13366683324178,6103.216666666666,2025-12-05T06:45:00+05:45,6.75,4,1.5849575128770892,0.9807852804032304,-0.1950903220161282,-0.433883739117558,-0.9009688679024191,1
2025-12-05 02:00:00+00:00,81.44700012207032,131.95000000000002,48.50449994405111,17.303166739145915,5976.564322916666,2025-12-05T07:45:00+05:45,7.75,4,1.6200719462010549,0.8968727415326884,-0.44228869021900113,-0.433883739117558,-0.9009688679024191,1
2025-12-05 03:00:00+00:00,78.325,126.35283330281575,43.99216658274333,19.69266659418741,5786.735677083333,2025-12-05T08:45:00+05:45,8.75,4,1.6131865088134791,0.7518398074789774,-0.6593458151000688,-0.433883739117558,-0.9009688679024191,1
2025-12-05 04:00:00+00:00,56.914499664306646,92.37733357747396,37.88066685994466,23.214500045776365,4220.4443359375,2025-12-05T09:45:00+05:45,9.75,4,1.6230896190309037,0.5555702330196025,-0.831469612302545,-0.433883739117558,-0.9009688679024191,1
2025-12-05 05:00:00+00:00,34.14599981307983,55.65666681925456,33.38058325449626,25.780499998728438,2529.365738932292,2025-12-05T10:45:00+05:45,10.75,4,1.6299615511019518,0.32143946530316175,-0.9469301294951056,-0.433883739117558,-0.9009688679024191,0
2025-12-05 06:00:00+00:00,32.03899993896484,51.20783360799154,29.06999988555908,28.475166861216227,2261.341668701172,2025-12-05T11:45:00+05:45,11.75,4,1.5982968789769918,0.06540312923014312,-0.9978589232386035,-0.433883739117558,-0.9009688679024191,0
2025-12-05 07:00:00+00:00,22.81150000890096,36.97216685612997,24.85333337783814,28.62133312225341,1352.6746673583984,2025-12-05T12:45:00+05:45,12.75,4,1.6207687719660508,-0.19509032201612792,-0.9807852804032305,-0.433883739117558,-0.9009688679024191,0
2025-12-05 08:00:00+00:00,25.232277796003554,40.32044424480862,25.11400015089247,27.06788894335429,1543.7991336398654,2025-12-05T13:45:00+05:45,13.75,4,1.5979708439637907,-0.44228869021900147,-0.8968727415326883,-0.433883739117558,-0.9009688679024191,0
2025-12-05 09:00:00+00:00,26.46116666793823,42.733499908447264,28.629666741689046,25.65949999491374,1639.0891703287762,2025-12-05T14:45:00+05:45,14.75,4,1.6149514662263726,-0.6593458151000688,-0.7518398074789774,-0.433883739117558,-0.9009688679024191,0
2025-12-05 10:00:00+00:00,32.85250002543131,51.91933339436849,29.678000036875403,24.6613333384196,2254.0193359375003,2025-12-05T15:45:00+05:45,15.75,4,1.5803769379553287,-0.8314696123025452,-0.5555702330196022,-0.433883739117558,-0.9009688679024191,0
2025-12-05 11:00:00+00:00,50.78349997202556,84.0166669209798,32.62050021489461,23.231000041961668,3663.1463541666662,2025-12-05T16:45:00+05:45,16.75,4,1.6544087541674157,-0.9469301294951056,-0.3214394653031618,-0.433883739117558,-0.9009688679024191,0
2025-12-05 12:00:00+00:00,42.24466644922892,73.36999969482422,36.75816663106282,22.084000142415363,3141.850162760417,2025-12-05T17:45:00+05:45,17.75,4,1.7367872884735112,-0.9978589232386035,-0.06540312923014273,-0.433883739117558,-0.9009688679024191,0
2025-12-05 13:00:00+00:00,44.341999816894536,75.74116694132486,40.123666508992514,21.170666631062826,3351.3746744791674,2025-12-05T18:45:00+05:45,18.75,4,1.708113464753276,-0.9807852804032304,0.1950903220161283,-0.433883739117558,-0.9009688679024191,0
2025-12-05 14:00:00+00:00,44.58383305867513,75.72733357747396,42.01433327992758,20.674666690826417,3365.5639973958337,2025-12-05T19:45:00+05:45,19.75,4,1.6985379762617543,-0.8968727415326884,0.442288690219001,-0.433883739117558,-0.9009688679024191,1
2025-12-05 15:00:00+00:00,60.61677771674263,98.6275139066908,43.34136096636454,19.97161103884379,4495.810302734376,2025-12-05T20:45:00+05:45,20.75,4,1.6270662615484,-0.7518398074789772,0.6593458151000691,-0.433883739117558,-0.9009688679024191,1
2025-12-05 16:00:00+00:00,62.88061146206326,100.65411088731554,43.555847258038,19.119430436028377,4691.569536675347,2025-12-05T21:45:00+05:45,21.75,4,1.600717749827251,-0.555570233019603,0.8314696123025447,-0.433883739117558,-0.9009688679024191,1
2025-12-05 17:00:00+00:00,62.694666544596366,100.41399993896484,43.94483331044515,18.58750009536743,4639.883333333332,2025-12-05T22:45:00+05:45,22.75,4,1.601635441629436,-0.32143946530316186,0.9469301294951056,-0.433883739117558,-0.9009688679024191,1
2025-12-05 18:00:00+00:00,56.39466654459636,91.8944999694824,45.674000167846685,18.009500058492026,4211.3580078125,2025-12-05T23:45:00+05:45,23.75,4,1.629489198181766,-0.0654031292301428,0.9978589232386035,-0.433883739117558,-0.9009688679024191,1
2025-12-05 19:00:00+00:00,50.95283330281576,84.08333333333333,47.14300022125244,17.405666351318356,3796.92734375,2025-12-06T00:45:00+05:45,0.75,5,1.6502189943711472,0.19509032201612825,0.9807852804032304,-0.9749279121818236,-0.2225209339563146,1
2025-12-05 20:00:00+00:00,54.49716669718424,90.6495002746582,47.44866650899251,17.185499731699625,4073.486490885417,2025-12-06T01:45:00+05:45,1.75,5,1.663380057505666,0.44228869021900125,0.8968727415326884,-0.9749279121818236,-0.2225209339563146,1
2025-12-05 21:00:00+00:00,44.68091684977213,74.9296251296997,47.51791664759318,16.96545818646749,3353.732421875,2025-12-06T02:45:00+05:45,2.75,5,1.6769939028250231,0.6593458151000688,0.7518398074789774,-0.9749279121818236,-0.2225209339563146,1
2025-12-05 22:00:00+00:00,46.55783360799154,77.67766672770182,47.72766653696696,16.519499937693276,3501.794173177083,2025-12-06T03:45:00+05:45,3.75,5,1.6684123961121902,0.8314696123025451,0.5555702330196024,-0.9749279121818236,-0.2225209339563146,1
2025-12-05 23:00:00+00:00,42.20366668701171,70.37038887871635,48.3758335325453,16.237666765848797,3140.179665798611,2025-12-06T04:45:00+05:45,4.75,5,1.6673998825882355,0.9469301294951056,0.3214394653031617,-0.9749279121818236,-0.2225209339563146,1
2025-12-06 00:00:00+00:00,44.58866678873699,73.80200042724609,48.22550004323324,16.03983341852824,3314.571842447917,2025-12-06T05:45:00+05:45,5.75,5,1.6551739655487598,0.9978589232386035,0.06540312923014327,-0.9749279121818236,-0.2225209339563146,1
2025-12-06 01:00:00+00:00,84.26666666666667,141.05333353678387,48.41933345794678,15.747499958674112,6145.710677083333,2025-12-06T06:45:00+05:45,6.75,5,1.6738924074776567,0.9807852804032304,-0.1950903220161282,-0.9749279121818236,-0.2225209339563146,1
2025-12-06 02:00:00+00:00,63.94700012207032,105.98050003051758,48.50816682179769,16.02450002034505,4682.227669270833,2025-12-06T07:45:00+05:45,7.75,5,1.6573177760990863,0.8968727415326884,-0.44228869021900113,-0.9749279121818236,-0.2225209339563146,1
2025-12-06 03:00:00+00:00,87.00374997456869,142.81072218153216,45.06147236294216,18.646638896730213,6407.683832465277,2025-12-06T08:45:00+05:45,8.75,5,1.6414318029197124,0.7518398074789774,-0.6593458151000688,-0.9749279121818236,-0.2225209339563146,1
2025-12-06 04:00:00+00:00,55.95555555555556,90.82001370324028,38.88291676309373,22.217500013775293,4149.602148437501,2025-12-06T09:45:00+05:45,9.75,5,1.623074113044405,0.5555702330196025,-0.831469612302545,-0.9749279121818236,-0.2225209339563146,1
2025-12-06 05:00:00+00:00,58.45049972534179,94.69199981689452,33.70049978892009,25.588833300272626,4358.072330729166,2025-12-06T10:45:00+05:45,10.75,5,1.6200374720806685,0.32143946530316175,-0.9469301294951056,-0.9749279121818236,-0.2225209339563146,1
2025-12-06 06:00:00+00:00,40.87833302815755,66.03633321126303,28.892999935150144,28.38166666030884,3055.7525065104164,2025-12-06T11:45:00+05:45,11.75,5,1.6154360591410688,0.06540312923014312,-0.9978589232386035,-0.9749279121818236,-0.2225209339563146,0
2025-12-06 07:00:00+00:00,28.22283334732055,44.19466657638549,26.15949999491373,27.92483326594035,1835.1358337402344,2025-12-06T12:45:00+05:45,12.75,5,1.5659188442389782,-0.19509032201612792,-0.9807852804032305,-0.9749279121818236,-0.2225209339563146,0
2025-12-06 08:00:00+00:00,26.880499966939286,41.993500518798825,27.499333349863686,25.967333380381262,1678.508164469401,2025-12-06T13:45:00+05:45,13.75,5,1.5622291464238849,-0.44228869021900147,-0.8968727415326883,-0.9749279121818236,-0.2225209339563146,0
2025-12-06 09:00:00+00:00,25.91466668446859,40.51766611735027,31.24816659291585,24.242500241597497,1568.5968322753906,2025-12-06T14:45:00+05:45,14.75,5,1.5635032705874499,-0.6593458151000688,-0.7518398074789774,-0.9749279121818236,-0.2225209339563146,0
2025-12-06 10:00:00+00:00,24.8193333307902,38.610833517710375,30.91083323160808,24.212166595458985,1476.2085011800134,2025-12-06T15:45:00+05:45,15.75,5,1.5556756905235165,-0.8314696123025452,-0.5555702330196022,-0.9749279121818236,-0.2225209339563146,0
2025-12-06 11:00:00+00:00,24.500666681925452,38.53333333333333,32.041499837239584,22.9608333905538,1441.0443318684895,2025-12-06T16:45:00+05:45,16.75,5,1.5727463188485402,-0.9469301294951056,-0.3214394653031618,-0.9749279121818236,-0.2225209339563146,0
2025-12-06 12:00:00+00:00,30.84166679382324,49.20016657511393,35.90549996693929,21.8096666653951,2122.0558430989586,2025-12-06T17:45:00+05:45,17.75,5,1.595249922905185,-0.9978589232386035,-0.06540312923014273,-0.9749279121818236,-0.2225209339563146,0
2025-12-06 13:00:00+00:00,36.08899993896484,57.4663335164388,38.06399993896485,20.943666680653887,2709.9139973958336,2025-12-06T18:45:00+05:45,18.75,5,1.59235040077664,-0.9807852804032304,0.1950903220161283,-0.9749279121818236,-0.2225209339563146,0
2025-12-06 14:00:00+00:00,77.52783330281576,124.53649978637696,41.04433320363363,20.26516669591268,5751.661490885417,2025-12-06T19:45:00+05:45,19.75,5,1.6063456758806889,-0.8968727415326884,0.442288690219001,-0.9749279121818236,-0.2225209339563146,1
2025-12-06 15:00:00+00:00,63.05849990844727,101.03116633097332,44.10633335113525,19.54933344523112,4677.319335937501,2025-12-06T20:45:00+05:45,20.75,5,1.6021815691406776,-0.7518398074789772,0.6593458151000691,-0.9749279121818236,-0.2225209339563146,1
2025-12-06 16:00:00+00:00,60.63033345540365,96.91449966430665,43.76200014750162,18.7706667582194,4482.030175781249,2025-12-06T21:45:00+05:45,21.75,5,1.598449062392039,-0.555570233019603,0.8314696123025447,-0.9749279121818236,-0.2225209339563146,1
2025-12-06 17:00:00+00:00,54.46399993896483,88.03083318074545,44.98466695149741,18.169333521525065,4060.339322916667,2025-12-06T22:45:00+05:45,22.75,5,1.6163123031616726,-0.32143946530316186,0.9469301294951056,-0.9749279121818236,-0.2225209339563146,1
2025-12-06 18:00:00+00:00,56.0576670328776,90.30616633097333,46.18000005086264,17.581166776021323,4176.055664062501,2025-12-06T23:45:00+05:45,23.75,5,1.6109512063355957,-0.0654031292301428,0.9978589232386035,-0.9749279121818236,-0.2225209339563146,1
2025-12-06 19:00:00+00:00,54.48316675821941,86.86416651407876,46.93999989827474,17.13316691716512,4027.767154947917,2025-12-07T00:45:00+05:45,0.75,6,1.5943303534384645,0.19509032201612825,0.9807852804032304,-0.7818314824680299,0.6234898018587334,1
2025-12-06 20:00:00+00:00,60.88300018310547,98.32483342488604,47.23433335622152,16.796999931335446,4522.6216796875,2025-12-07T01:45:00+05:45,1.75,6,1.6149800950868771,0.44228869021900125,0.8968727415326884,-0.7818314824680299,0.6234898018587334,1
2025-12-06 21:00:00+00:00,58.39733327229818,92.91083348592122,47.76233323415121,16.539500109354655,4323.822493489583,2025-12-07T02:45:00+05:45,2.75,6,1.5910115801468478,0.6593458151000688,0.7518398074789774,-0.7818314824680299,0.6234898018587334,1
2025-12-06 22:00:00+00:00,58.877666727701815,93.7336664835612,47.90633335113526,16.15066657066345,4330.771842447916,2025-12-07T03:45:00+05:45,3.75,6,1.5920071513204124,0.8314696123025451,0.5555702330196024,-0.7818314824680299,0.6234898018587334,1
2025-12-06 23:00:00+00:00,40.374000040690106,65.35188886854384,48.61099993387858,15.962777656979034,2997.5314995659724,2025-12-07T04:45:00+05:45,4.75,6,1.6186627236013345,0.9469301294951056,0.3214394653031617,-0.7818314824680299,0.6234898018587334,1
2025-12-07 00:00:00+00:00,51.26949996948242,82.78283360799152,48.4068333943685,15.766166639328004,3786.219661458333,2025-12-07T05:45:00+05:45,5.75,6,1.6146604444604893,0.9978589232386035,0.06540312923014327,-0.7818314824680299,0.6234898018587334,1
2025-12-07 01:00:00+00:00,89.361333211263,156.58866653442382,48.60400002797445,15.622833363215127,6592.671842447918,2025-12-07T06:45:00+05:45,6.75,6,1.7523089786969244,0.9807852804032304,-0.1950903220161282,-0.7818314824680299,0.6234898018587334,1
2025-12-07 02:00:00+00:00,81.06416651407876,130.78349965413415,48.60899969736735,15.973833306630455,5881.269173177084,2025-12-07T07:45:00+05:45,7.75,6,1.6133330579722966,0.8968727415326884,-0.44228869021900113,-0.7818314824680299,0.6234898018587334,1
2025-12-07 03:00:00+00:00,64.04716669718425,100.49983342488606,44.58016668955486,18.725833288828536,4734.613509114583,2025-12-07T08:45:00+05:45,8.75,6,1.5691534631040034,0.7518398074789774,-0.6593458151000688,-0.7818314824680299,0.6234898018587334,1
2025-12-07 04:00:00+00:00,62.88583348592123,98.7361666361491,38.23516686757406,22.2131667137146,4662.694661458333,2025-12-07T09:45:00+05:45,9.75,6,1.5700859981167932,0.5555702330196025,-0.831469612302545,-0.7818314824680299,0.6234898018587334,1
2025-12-07 05:00:00+00:00,67.85066630045573,105.9831667582194,34.83616669972738,24.87250003814697,4984.446842447916,2025-12-07T10:45:00+05:45,10.75,6,1.5620062784484041,0.32143946530316175,-0.9469301294951056,-0.7818314824680299,0.6234898018587334,1
2025-12-07 06:00:00+00:00,44.3331667582194,70.30550003051758,33.24283339182536,25.6988333384196,3294.336653645834,2025-12-07T11:45:00+05:45,11.75,6,1.585844305098798,0.06540312923014312,-0.9978589232386035,-0.7818314824680299,0.6234898018587334,0
2025-12-07 07:00:00+00:00,32.33099994659424,51.37249984741212,32.571333217620854,25.605666700998945,2238.891013590495,2025-12-07T12:45:00+05:45,12.75,6,1.5889548709372263,-0.19509032201612792,-0.9807852804032305,-0.7818314824680299,0.6234898018587334,0
2025-12-07 08:00:00+00:00,25.891499996185303,40.9081667582194,33.08699998855591,24.927333227793373,1566.1175109863282,2025-12-07T13:45:00+05:45,13.75,6,1.5799844259408131,-0.44228869021900147,-0.8968727415326883,-0.7818314824680299,0.6234898018587334,0
2025-12-07 09:00:00+00:00,25.966499996185306,41.0306666056315,32.72700007756551,24.38533318837484,1577.2198384602862,2025-12-07T14:45:00+05:45,14.75,6,1.5801385096820615,-0.6593458151000688,-0.7518398074789774,-0.7818314824680299,0.6234898018587334,0
2025-12-07 10:00:00+00:00,27.370166683197024,43.11383336385091,33.757500076293944,23.767833391825352,1723.2363321940104,2025-12-07T15:45:00+05:45,15.75,6,1.5752126708939325,-0.8314696123025452,-0.5555702330196022,-0.7818314824680299,0.6234898018587334,0
2025-12-07 11:00:00+00:00,31.400166765848795,51.58416620890299,36.06533336639404,23.31833327611288,2187.797330729167,2025-12-07T16:45:00+05:45,16.75,6,1.64279911611828,-0.9469301294951056,-0.3214394653031618,-0.7818314824680299,0.6234898018587334,0
2025-12-07 12:00:00+00:00,44.25333302815756,71.85016657511393,38.64016660054525,22.150166734059653,3338.066829427083,2025-12-07T17:45:00+05:45,17.75,6,1.623610283306729,-0.9978589232386035,-0.06540312923014273,-0.7818314824680299,0.6234898018587334,0
2025-12-07 13:00:00+00:00,57.46449966430665,91.73050003051758,40.55116678873697,21.02916666666667,4265.336328125,2025-12-07T18:45:00+05:45,18.75,6,1.5962985941996257,-0.9807852804032304,0.1950903220161283,-0.7818314824680299,0.6234898018587334,1
2025-12-07 14:00:00+00:00,69.60316645304361,109.20883305867513,41.053166707356766,20.36366675694784,5147.927832031251,2025-12-07T19:45:00+05:45,19.75,6,1.569021046367922,-0.8968727415326884,0.442288690219001,-0.7818314824680299,0.6234898018587334,1
2025-12-07 15:00:00+00:00,111.05359728071426,174.10705562167698,42.91829162703619,19.74399998982748,8099.079334852431,2025-12-07T20:45:00+05:45,20.75,6,1.5677750193141442,-0.7518398074789772,0.6593458151000691,-0.7818314824680299,0.6234898018587334,1
2025-12-07 16:00:00+00:00,75.78333333333332,120.34749984741212,44.51733328501384,19.24166669845581,5575.138671875,2025-12-07T21:45:00+05:45,21.75,6,1.5880470619847655,-0.555570233019603,0.8314696123025447,-0.7818314824680299,0.6234898018587334,1
2025-12-07 17:00:00+00:00,67.64716669718425,107.06933339436848,46.0480001449585,18.68116658528645,4994.683496093749,2025-12-07T22:45:00+05:45,22.75,6,1.5827615349162163,-0.32143946530316186,0.9469301294951056,-0.7818314824680299,0.6234898018587334,1
2025-12-07 18:00:00+00:00,61.98266703287761,98.61570847829182,47.28966665267944,18.10049991607666,4570.542374674479,2025-12-07T23:45:00+05:45,23.75,6,1.5910207352965768,-0.0654031292301428,0.9978589232386035,-0.7818314824680299,0.6234898018587334,1
2025-12-07 19:00:00+00:00,56.136166636149085,89.16116663614908,47.9668333053589,17.490499973297116,4148.197005208333,2025-12-08T00:45:00+05:45,0.75,0,1.5883016596778703,0.19509032201612825,0.9807852804032304,0.0,1.0,1
2025-12-07 20:00:00+00:00,53.31133321126302,85.0495002746582,48.2861665725708,17.123500029246014,3962.1165039062503,2025-12-08T01:45:00+05:45,1.75,0,1.595336209987896,0.44228869021900125,0.8968727415326884,0.0,1.0,1
2025-12-07 21:00:00+00:00,52.00800018310547,83.32249984741212,48.6093334197998,16.76099980672201,3874.7143229166654,2025-12-08T02:45:00+05:45,2.75,0,1.6021092823038214,0.6593458151000688,0.7518398074789774,0.0,1.0,1
2025-12-07 22:00:00+00:00,56.47200012207031,90.0418332417806,48.58416665395102,16.48500000635783,4183.835839843749,2025-12-08T03:45:00+05:45,3.75,0,1.5944509322698943,0.8314696123025451,0.5555702330196024,0.0,1.0,1
2025-12-07 23:00:00+00:00,59.66699981689453,95.08916651407876,48.833500099182125,16.153166611989338,4387.527343750001,2025-12-08T04:45:00+05:45,4.75,0,1.5936642835384283,0.9469301294951056,0.3214394653031617,0.0,1.0,1
2025-12-08 00:00:00+00:00,45.57466684977214,73.81933339436848,49.57766660054526,15.906666644414264,3380.202669270833,2025-12-08T05:45:00+05:45,5.75,0,1.6197448823421856,0.9978589232386035,0.06540312923014327,0.0,1.0,1
2025-12-08 01:00:00+00:00,55.6,87.70316645304361,49.18466688791912,15.72066667874654,4081.72783203125,2025-12-08T06:45:00+05:45,6.75,0,1.5773950800907124,0.9807852804032304,-0.1950903220161282,0.0,1.0,1
2025-12-08 02:00:00+00:00,81.7217502593994,129.98016611735028,51.169166564941406,15.217416588465372,5854.306591796875,2025-12-08T07:45:00+05:45,7.75,0,1.5905210755370518,0.8968727415326884,-0.44228869021900113,0.0,1.0,1
2025-12-08 03:00:00+00:00,86.2861666361491,137.07466684977211,46.24600003560384,18.543666664759314,6307.189160156249,2025-12-08T08:45:00+05:45,8.75,0,1.5886053604372947,0.7518398074789774,-0.6593458151000688,0.0,1.0,1
2025-12-08 04:00:00+00:00,81.46733296712239,130.5754997253418,38.84199962615967,22.596666622161862,5952.10234375,2025-12-08T09:45:00+05:45,9.75,0,1.6027958074684723,0.5555702330196025,-0.831469612302545,0.0,1.0,1
2025-12-08 05:00:00+00:00,70.99890287187365,112.44652828640407,34.70370868047078,26.027611141734653,5198.6275010850695,2025-12-08T10:45:00+05:45,10.75,0,1.5837783928764055,0.32143946530316175,-0.9469301294951056,0.0,1.0,1
2025-12-08 06:00:00+00:00,50.49733330408733,79.19383366902669,28.918333371480312,29.42483339309692,3685.5839904785153,2025-12-08T11:45:00+05:45,11.75,0,1.5682775403630398,0.06540312923014312,-0.9978589232386035,0.0,1.0,0
2025-12-08 07:00:00+00:00,29.66099990208944,47.003166453043626,26.51666657129924,28.81833324432373,1960.6951700846355,2025-12-08T12:45:00+05:45,12.75,0,1.5846790940359543,-0.19509032201612792,-0.9807852804032305,0.0,1.0,0
2025-12-08 08:00:00+00:00,28.49154173798031,43.94625002543131,27.17349999215868,27.282902746730382,1845.1588992648656,2025-12-08T13:45:00+05:45,13.75,0,1.5424314496413962,-0.44228869021900147,-0.8968727415326883,0.0,1.0,0
2025-12-08 09:00:00+00:00,24.8085000038147,38.95550003051758,29.283500003814694,25.728166611989337,1479.0774963378906,2025-12-08T14:45:00+05:45,14.75,0,1.570248101438118,-0.6593458151000688,-0.7518398074789774,0.0,1.0,0
2025-12-08 10:00:00+00:00,23.042611106236777,35.8451942867703,32.04487505488925,24.622097373008724,1311.0915681627062,2025-12-08T15:45:00+05:45,15.75,0,1.5556047064938896,-0.8314696123025452,-0.5555702330196022,0.0,1.0,0
2025-12-08 11:00:00+00:00,23.151777776082355,36.91811133490668,34.01188933054606,23.54872227774726,1338.9700636121963,2025-12-08T16:45:00+05:45,16.75,0,1.59461237456443,-0.9469301294951056,-0.3214394653031618,0.0,1.0,0
2025-12-08 12:00:00+00:00,45.567333157857256,76.77494413587782,41.76416676839192,20.170111253526475,3061.644675021701,2025-12-08T17:45:00+05:45,17.75,0,1.6848680582185744,-0.9978589232386035,-0.06540312923014273,0.0,1.0,1
2025-12-08 13:00:00+00:00,47.361166636149086,76.17750015258788,40.19466660817464,21.159833494822184,3537.0723307291664,2025-12-08T18:45:00+05:45,18.75,0,1.6084380002253644,-0.9807852804032304,0.1950903220161283,0.0,1.0,1
2025-12-08 14:00:00+00:00,83.53050003051759,130.71633351643882,41.23816661834717,20.70600004196167,6132.31416015625,2025-12-08T19:45:00+05:45,19.75,0,1.5648934636890963,-0.8968727415326884,0.442288690219001,0.0,1.0,1
2025-12-08 15:00:00+00:00,79.03099975585938,123.12466684977215,42.809166653951,19.90383335749308,5814.433658854167,2025-12-08T20:45:00+05:45,20.75,0,1.5579287523898957,-0.7518398074789772,0.6593458151000691,0.0,1.0,1
2025-12-08 16:00:00+00:00,89.21527266068891,140.0610906427557,44.92600000554865,19.263999938964844,6550.851278409091,2025-12-08T21:45:00+05:45,21.75,0,1.5699227998265264,-0.555570233019603,0.8314696123025447,0.0,1.0,1
2025-12-08 17:00:00+00:00,71.23850021362306,112.14366709391275,45.81266644795736,18.5693333307902,5242.891503906249,2025-12-08T22:45:00+05:45,22.75,0,1.5742002815560023,-0.32143946530316186,0.9469301294951056,0.0,1.0,1
2025-12-08 18:00:00+00:00,58.24749984741212,92.53300018310549,46.60050004323324,18.08633346557617,4316.05,2025-12-08T23:45:00+05:45,23.75,0,1.5886175445385513,-0.0654031292301428,0.9978589232386035,0.0,1.0,1
2025-12-08 19:00:00+00:00,53.25500030517578,84.20266672770182,47.47816670735677,17.513999938964844,3964.197493489584,2025-12-09T00:45:00+05:45,0.75,1,1.5811222654244974,0.19509032201612825,0.9807852804032304,0.7818314824680298,0.6234898018587336,1
2025-12-08 20:00:00+00:00,59.49483311971028,94.19449996948242,48.05533332824706,17.186000061035156,4421.311002604166,2025-12-09T01:45:00+05:45,1.75,1,1.5832383255862323,0.44228869021900125,0.8968727415326884,0.7818314824680298,0.6234898018587336,1
2025-12-08 21:00:00+00:00,58.56059750450982,91.6684164683024,48.304055542416044,16.863972234725953,4311.704147677951,2025-12-09T02:45:00+05:45,2.75,1,1.5653599924632413,0.6593458151000688,0.7518398074789774,0.7818314824680298,0.6234898018587336,1
2025-12-08 22:00:00+00:00,54.32274971008301,85.68329168955484,48.1767083644867,16.527916701634727,4044.778662109375,2025-12-09T03:45:00+05:45,3.75,1,1.5773003418796177,0.8314696123025451,0.5555702330196024,0.7818314824680298,0.6234898018587336,1
2025-12-08 23:00:00+00:00,45.49466654459636,72.2861666361491,48.48850021362304,16.180166943868002,3373.4750000000004,2025-12-09T04:45:00+05:45,4.75,1,1.588893207191446,0.9469301294951056,0.3214394653031617,0.7818314824680298,0.6234898018587336,1
2025-12-09 00:00:00+00:00,47.66666666666666,74.94716669718424,48.7593334197998,15.9239999294281,3499.4998372395826,2025-12-09T05:45:00+05:45,5.75,1,1.572318182458411,0.9978589232386035,0.06540312923014327,0.7818314824680298,0.6234898018587336,1
2025-12-09 01:00:00+00:00,52.51933339436849,80.64983342488605,48.919166564941406,15.640833457310997,3816.9495117187503,2025-12-09T06:45:00+05:45,6.75,1,1.5356218027232982,0.9807852804032304,-0.1950903220161282,0.7818314824680298,0.6234898018587336,1
2025-12-09 02:00:00+00:00,62.85233357747396,97.98866678873698,48.852166684468585,15.974000024795536,4597.705664062501,2025-12-09T07:45:00+05:45,7.75,1,1.5590298913556289,0.8968727415326884,-0.44228869021900113,0.7818314824680298,0.6234898018587336,1
2025-12-09 03:00:00+00:00,81.38099975585938,125.83300018310548,44.114333152771,19.238833300272624,5957.936328125,2025-12-09T08:45:00+05:45,8.75,1,1.5462208692520467,0.7518398074789774,-0.6593458151000688,0.7818314824680298,0.6234898018587336,1
2025-12-09 04:00:00+00:00,54.77533315022787,86.02750015258789,37.73433329264323,23.298166624704997,4052.5495117187497,2025-12-09T09:45:00+05:45,9.75,1,1.5705518379349193,0.5555702330196025,-0.831469612302545,0.7818314824680298,0.6234898018587336,1
2025-12-09 05:00:00+00:00,61.29066683451334,96.04737453460692,33.904083236058554,25.837916692097988,4552.257080078124,2025-12-09T10:45:00+05:45,10.75,1,1.567079940473445,0.32143946530316175,-0.9469301294951056,0.7818314824680298,0.6234898018587336,1
2025-12-09 06:00:00+00:00,59.96187496185303,93.98974990844728,30.091916608810426,28.297666652997336,4436.918790690104,2025-12-09T11:45:00+05:45,11.75,1,1.5674918432461018,0.06540312923014312,-0.9978589232386035,0.7818314824680298,0.6234898018587336,0
2025-12-09 07:00:00+00:00,60.943624687194834,95.75641657511392,27.91108334064484,29.303166715304048,4505.494376627604,2025-12-09T12:45:00+05:45,12.75,1,1.5712294282888917,-0.19509032201612792,-0.9807852804032305,0.7818314824680298,0.6234898018587336,0
2025-12-09 08:00:00+00:00,31.544045422293927,48.581045046719645,24.258681843497538,27.974863589893687,2166.9101323908026,2025-12-09T13:45:00+05:45,13.75,1,1.5401019240349154,-0.44228869021900147,-0.8968727415326883,0.7818314824680298,0.6234898018587336,0
2025-12-09 09:00:00+00:00,19.477424240112303,29.712181750210856,27.01087868430397,25.7841969461152,1040.299720810399,2025-12-09T14:45:00+05:45,14.75,1,1.5254677098946603,-0.6593458151000688,-0.7518398074789774,0.7818314824680298,0.6234898018587336,0
2025-12-09 10:00:00+00:00,21.894833342234293,33.5423329671224,33.392833137512206,24.242333380381268,1206.0973337809244,2025-12-09T15:45:00+05:45,15.75,1,1.5319748016725263,-0.8314696123025452,-0.5555702330196022,0.7818314824680298,0.6234898018587336,0
2025-12-09 11:00:00+00:00,22.463666661580405,35.616500059763595,36.35633328755697,23.158666642506915,1263.3503377278648,2025-12-09T16:45:00+05:45,16.75,1,1.5855158730911225,-0.9469301294951056,-0.3214394653031618,0.7818314824680298,0.6234898018587336,0
2025-12-09 12:00:00+00:00,24.563333320617676,37.70483373006184,36.57083339691162,21.96883341471354,1460.4778340657551,2025-12-09T17:45:00+05:45,17.75,1,1.5350047665726871,-0.9978589232386035,-0.06540312923014273,0.7818314824680298,0.6234898018587336,0
2025-12-09 13:00:00+00:00,32.46333335240681,49.71316706339518,39.12366669972737,21.105333296457925,2229.953000895182,2025-12-09T18:45:00+05:45,18.75,1,1.5313636010120162,-0.9807852804032304,0.1950903220161283,0.7818314824680298,0.6234898018587336,0
2025-12-09 14:00:00+00:00,45.68916651407878,70.14416681925456,43.44600003560384,20.493333307902017,3440.027669270833,2025-12-09T19:45:00+05:45,19.75,1,1.5352472406700648,-0.8968727415326884,0.442288690219001,0.7818314824680298,0.6234898018587336,1
2025-12-09 15:00:00+00:00,58.238833363850894,89.55550003051758,41.62599983215332,19.513166777292888,4344.141666666666,2025-12-09T20:45:00+05:45,20.75,1,1.5377282623608508,-0.7518398074789772,0.6593458151000691,0.7818314824680298,0.6234898018587336,1
2025-12-09 16:00:00+00:00,53.424666849772144,81.76683324178062,42.563833236694336,18.52099994023641,3961.26416015625,2025-12-09T21:45:00+05:45,21.75,1,1.5305071245779673,-0.555570233019603,0.8314696123025447,0.7818314824680298,0.6234898018587336,1
2025-12-09 17:00:00+00:00,54.32783330281575,84.58066660563152,44.26966648101807,18.12916695276896,4038.3199869791674,2025-12-09T22:45:00+05:45,22.75,1,1.556856982206353,-0.32143946530316186,0.9469301294951056,0.7818314824680298,0.6234898018587336,1
2025-12-09 18:00:00+00:00,37.38850021362304,57.91100006103516,44.60250002543131,17.625,2771.4966796875,2025-12-09T23:45:00+05:45,23.75,1,1.5488987183266167,-0.0654031292301428,0.9978589232386035,0.7818314824680298,0.6234898018587336,1
2025-12-09 19:00:00+00:00,37.64466654459636,58.43866678873698,46.278666496276855,17.06300017038981,2823.94716796875,2025-12-10T00:45:00+05:45,0.75,2,1.5523757321507063,0.19509032201612825,0.9807852804032304,0.9749279121818236,-0.22252093395631434,1
2025-12-09 20:00:00+00:00,47.46383336385092,73.72766672770183,46.547500165303546,16.717166709899903,3558.2080078125,2025-12-10T01:45:00+05:45,1.75,2,1.5533441254631952,0.44228869021900125,0.8968727415326884,0.9749279121818236,-0.22252093395631434,1
2025-12-09 21:00:00+00:00,60.52212492624918,93.88709693484834,46.88230547375149,16.454958176612852,4456.359724934896,2025-12-10T02:45:00+05:45,2.75,2,1.5512855348231234,0.6593458151000688,0.7518398074789774,0.9749279121818236,-0.22252093395631434,1
2025-12-09 22:00:00+00:00,39.73916651407877,61.55533345540365,47.18149992624918,16.06650012334188,2903.3080078125,2025-12-10T03:45:00+05:45,3.75,2,1.548984008851717,0.8314696123025451,0.5555702330196024,0.9749279121818236,-0.22252093395631434,1
2025-12-09 23:00:00+00:00,36.266999816894526,56.67816645304361,47.301666704813634,15.783666642506915,2649.172005208333,2025-12-10T04:45:00+05:45,4.75,2,1.5628027335925592,0.9469301294951056,0.3214394653031617,0.9749279121818236,-0.22252093395631434,1
2025-12-10 00:00:00+00:00,41.16716639200846,63.28316675821941,47.49266668955485,15.564666652679444,3000.4221679687503,2025-12-10T05:45:00+05:45,5.75,2,1.537224256719894,0.9978589232386035,0.06540312923014327,0.9749279121818236,-0.22252093395631434,1
2025-12-10 01:00:00+00:00,55.56116663614909,83.82200012207032,47.63566659291586,15.321666701634726,4004.892154947916,2025-12-10T06:45:00+05:45,6.75,2,1.5086436300193564,0.9807852804032304,-0.1950903220161282,0.9749279121818236,-0.22252093395631434,1
2025-12-10 02:00:00+00:00,59.33916651407878,92.03099975585936,47.39166653951008,15.70850003560384,4320.07783203125,2025-12-10T07:45:00+05:45,7.75,2,1.550931790287687,0.8968727415326884,-0.44228869021900113,0.9749279121818236,-0.22252093395631434,1
2025-12-10 03:00:00+00:00,65.68050003051759,100.57233327229818,42.88533337910971,18.89016669591268,4820.64951171875,2025-12-10T08:45:00+05:45,8.75,2,1.5312358040144114,0.7518398074789774,-0.6593458151000688,0.9749279121818236,-0.22252093395631434,1
2025-12-10 04:00:00+00:00,42.69733327229818,64.78649978637698,35.9910000483195,23.264666684468583,3172.9500000000003,2025-12-10T09:45:00+05:45,9.75,2,1.5173430006320825,0.5555702330196025,-0.831469612302545,0.9749279121818236,-0.22252093395631434,0
2025-12-10 05:00:00+00:00,70.48349990844726,106.94216639200846,32.88050006230672,25.64283329645793,5176.897005208333,2025-12-10T10:45:00+05:45,10.75,2,1.5172652681963616,0.32143946530316175,-0.9469301294951056,0.9749279121818236,-0.22252093395631434,1
2025-12-10 06:00:00+00:00,38.15249996185303,57.48883336385092,27.780000019073483,28.97216669718424,2764.730830891928,2025-12-10T11:45:00+05:45,11.75,2,1.5068169430923641,0.06540312923014312,-0.9978589232386035,0.9749279121818236,-0.22252093395631434,0
2025-12-10 07:00:00+00:00,30.277999909718837,47.03099975585937,27.322500069936115,28.115000057220456,2037.5191650390625,2025-12-10T12:45:00+05:45,12.75,2,1.553306027349681,-0.19509032201612792,-0.9807852804032305,0.9749279121818236,-0.22252093395631434,0
2025-12-10 08:00:00+00:00,23.094333330790203,35.02466688156128,27.642833264668784,27.11166658401489,1308.8219970703124,2025-12-10T13:45:00+05:45,13.75,2,1.5165913810928295,-0.44228869021900147,-0.8968727415326883,0.9749279121818236,-0.22252093395631434,0
2025-12-10 09:00:00+00:00,24.297500006357826,37.20883312225341,31.16100002924601,25.29033342997233,1421.6939951578777,2025-12-10T14:45:00+05:45,14.75,2,1.5313852500264278,-0.6593458151000688,-0.7518398074789774,0.9749279121818236,-0.22252093395631434,0
2025-12-10 10:00:00+00:00,18.714555570814344,28.460500007205543,32.33899997075399,24.425611156887477,991.8512752956814,2025-12-10T15:45:00+05:45,15.75,2,1.5207681475263115,-0.8314696123025452,-0.5555702330196022,0.9749279121818236,-0.22252093395631434,0
2025-12-10 11:00:00+00:00,21.897666676839197,34.56350011825562,33.317833455403644,23.479000186920164,1287.225168863932,2025-12-10T16:45:00+05:45,16.75,2,1.5784101853560892,-0.9469301294951056,-0.3214394653031618,0.9749279121818236,-0.22252093395631434,0
2025-12-10 12:00:00+00:00,29.79733336766561,45.75566660563151,36.52833328247071,22.229000027974447,2005.7219930013016,2025-12-10T17:45:00+05:45,17.75,2,1.535562462622343,-0.9978589232386035,-0.06540312923014273,0.9749279121818236,-0.22252093395631434,0
2025-12-10 13:00:00+00:00,42.45899963378906,66.85016657511393,39.68350016276042,21.16266663869222,3182.8306640625,2025-12-10T18:45:00+05:45,18.75,2,1.5744640041381066,-0.9807852804032304,0.1950903220161283,0.9749279121818236,-0.22252093395631434,0
2025-12-10 14:00:00+00:00,84.14966684977215,128.89983342488603,40.26449998219808,20.314333375295003,6163.035839843749,2025-12-10T19:45:00+05:45,19.75,2,1.5317925578363125,-0.8968727415326884,0.442288690219001,0.9749279121818236,-0.22252093395631434,1
2025-12-10 15:00:00+00:00,119.71650009155272,188.46666666666667,43.42616640726725,19.33916673660278,8694.963834635417,2025-12-10T20:45:00+05:45,20.75,2,1.5742747785187299,-0.7518398074789772,0.6593458151000691,0.9749279121818236,-0.22252093395631434,1
2025-12-10 16:00:00+00:00,113.17783330281576,177.0665000915527,43.49633324940999,18.814666620890296,8227.991666666667,2025-12-10T21:45:00+05:45,21.75,2,1.564498055178332,-0.555570233019603,0.8314696123025447,0.9749279121818236,-0.22252093395631434,1
2025-12-10 17:00:00+00:00,78.72166697184245,122.33616663614907,45.00050010681152,18.17116673787435,5770.553320312501,2025-12-10T22:45:00+05:45,22.75,2,1.5540342492989492,-0.32143946530316186,0.9469301294951056,0.9749279121818236,-0.22252093395631434,1
2025-12-10 18:00:00+00:00,51.111166636149086,78.5663335164388,46.358166503906254,17.54099973042806,3785.1306640625,2025-12-10T23:45:00+05:45,23.75,2,1.537165724972352,-0.0654031292301428,0.9978589232386035,0.9749279121818236,-0.22252093395631434,1
2025-12-10 19:00:00+00:00,48.035666910807294,73.52166697184245,46.67266674041748,17.232666778564454,3570.696842447918,2025-12-11T00:45:00+05:45,0.75,3,1.5305640933091988,0.19509032201612825,0.9807852804032304,0.43388373911755823,-0.900968867902419,1
2025-12-10 20:00:00+00:00,51.89966684977213,78.69466654459636,46.845000203450525,16.9370000521342,3838.127994791667,2025-12-11T01:45:00+05:45,1.75,3,1.5162846184039016,0.44228869021900125,0.8968727415326884,0.43388373911755823,-0.900968867902419,1
2025-12-10 21:00:00+00:00,59.21133321126303,90.51399993896484,47.22950007120769,16.541666825612385,4351.5830078125,2025-12-11T02:45:00+05:45,2.75,3,1.528660055939215,0.6593458151000688,0.7518398074789774,0.43388373911755823,-0.900968867902419,1
2025-12-10 22:00:00+00:00,51.35833333333334,78.8193333943685,47.62550004323324,16.173833354314166,3757.371842447916,2025-12-11T03:45:00+05:45,3.75,3,1.5346941436515038,0.8314696123025451,0.5555702330196024,0.43388373911755823,-0.900968867902419,1
2025-12-10 23:00:00+00:00,49.52433369954428,75.39666697184244,47.82050005594888,15.85183316866557,3614.716829427083,2025-12-11T04:45:00+05:45,4.75,3,1.5224165847290587,0.9469301294951056,0.3214394653031617,0.43388373911755823,-0.900968867902419,1
2025-12-11 00:00:00+00:00,47.68933308919271,72.85233357747396,48.14316654205322,15.590833330154418,3458.3474934895835,2025-12-11T05:45:00+05:45,5.75,3,1.5276442101049983,0.9978589232386035,0.06540312923014327,0.43388373911755823,-0.900968867902419,1
2025-12-11 01:00:00+00:00,59.480333455403645,89.92783330281577,48.2416664759318,15.370833190282184,4284.027994791667,2025-12-11T06:45:00+05:45,6.75,3,1.5118918822175171,0.9807852804032304,-0.1950903220161282,0.43388373911755823,-0.900968867902419,1
2025-12-11 02:00:00+00:00,72.77766672770181,111.24150009155272,47.89699993133545,15.718166637420651,5272.9669921875,2025-12-11T07:45:00+05:45,7.75,3,1.5285114938867665,0.8968727415326884,-0.44228869021900113,0.43388373911755823,-0.900968867902419,1
2025-12-11 03:00:00+00:00,90.20566660563152,137.63316675821943,43.55566666920979,18.777666664123533,6574.855338541666,2025-12-11T08:45:00+05:45,8.75,3,1.5257707407666008,0.7518398074789774,-0.6593458151000688,0.43388373911755823,-0.900968867902419,1
2025-12-11 04:00:00+00:00,82.55899963378906,126.34999999999998,37.77200012207032,22.21316661834717,6031.2919921875,2025-12-11T09:45:00+05:45,9.75,3,1.5304206756435612,0.5555702330196025,-0.831469612302545,0.43388373911755823,-0.900968867902419,1
2025-12-11 05:00:00+00:00,61.56733310583866,94.2509998668324,33.86215092630097,25.03757576219964,4533.354178503788,2025-12-11T10:45:00+05:45,10.75,3,1.530860524765758,0.32143946530316175,-0.9469301294951056,0.43388373911755823,-0.900968867902419,1
2025-12-11 06:00:00+00:00,66.20272743918679,101.22418185147374,28.987545516274192,28.40136365023526,4870.815802556818,2025-12-11T11:45:00+05:45,11.75,3,1.5290031961969746,0.06540312923014312,-0.9978589232386035,0.43388373911755823,-0.900968867902419,0
2025-12-11 07:00:00+00:00,28.61133324305216,43.73316679000854,26.033833281199136,27.976666673024493,1866.9613362630207,2025-12-11T12:45:00+05:45,12.75,3,1.5285260011652373,-0.19509032201612792,-0.9807852804032305,0.43388373911755823,-0.900968867902419,0
2025-12-11 08:00:00+00:00,30.09733330408732,45.77200012207032,26.239666620890294,27.23066673278809,2025.6194946289063,2025-12-11T13:45:00+05:45,13.75,3,1.5207991904005105,-0.44228869021900147,-0.8968727415326883,0.43388373911755823,-0.900968867902419,0
2025-12-11 09:00:00+00:00,25.36015151052764,38.505757603500825,27.3672575748328,25.697302988803752,1529.395093328303,2025-12-11T14:45:00+05:45,14.75,3,1.5183567648448832,-0.6593458151000688,-0.7518398074789774,0.43388373911755823,-0.900968867902419,0
2025-12-11 10:00:00+00:00,17.19169443978204,26.579111099243164,28.634625053405767,24.480791717105443,949.6039606730144,2025-12-11T15:45:00+05:45,15.75,3,1.5460437126975914,-0.8314696123025452,-0.5555702330196022,0.43388373911755823,-0.900968867902419,0
2025-12-11 11:00:00+00:00,19.713833332061768,30.60033321380615,31.437666575113933,23.32750002543132,1051.1614959716796,2025-12-11T16:45:00+05:45,16.75,3,1.5522264340157033,-0.9469301294951056,-0.3214394653031618,0.43388373911755823,-0.900968867902419,0
2025-12-11 12:00:00+00:00,24.013833300272623,36.06116657257079,34.122666676839195,22.134666728973382,1429.1111592610678,2025-12-11T17:45:00+05:45,17.75,3,1.5016830558310488,-0.9978589232386035,-0.06540312923014273,0.43388373911755823,-0.900968867902419,0
2025-12-11 13:00:00+00:00,35.141833209991454,52.39199981689453,37.09166653951009,21.26583334604899,2570.58350016276,2025-12-11T18:45:00+05:45,18.75,3,1.490872701598235,-0.9807852804032304,0.1950903220161283,0.43388373911755823,-0.900968867902419,0
2025-12-11 14:00:00+00:00,84.43866678873697,130.79683354695638,41.12766691843669,20.518500010172527,6207.355338541667,2025-12-11T19:45:00+05:45,19.75,3,1.5490158540068635,-0.8968727415326884,0.442288690219001,0.43388373911755823,-0.900968867902419,1
2025-12-11 15:00:00+00:00,90.00033315022786,140.05800018310546,41.95083332061768,19.586333243052163,6589.279524739583,2025-12-11T20:45:00+05:45,20.75,3,1.5561942415182146,-0.7518398074789772,0.6593458151000691,0.43388373911755823,-0.900968867902419,1
2025-12-11 16:00:00+00:00,61.11666666666667,92.31100006103514,42.67316665649415,18.83749993642171,4514.183658854166,2025-12-11T21:45:00+05:45,21.75,3,1.5104063276962392,-0.555570233019603,0.8314696123025447,0.43388373911755823,-0.900968867902419,1
2025-12-11 17:00:00+00:00,51.89449996948242,79.38050003051757,43.4908332824707,18.302000045776367,3866.6778320312496,2025-12-11T22:45:00+05:45,22.75,3,1.529651505982307,-0.32143946530316186,0.9469301294951056,0.43388373911755823,-0.900968867902419,1
2025-12-11 18:00:00+00:00,60.65533345540364,95.07533315022788,44.879999923706045,17.746999994913736,4496.483658854167,2025-12-11T23:45:00+05:45,23.75,3,1.567468641815831,-0.0654031292301428,0.9978589232386035,0.43388373911755823,-0.900968867902419,1
2025-12-11 19:00:00+00:00,49.75533345540365,76.00283330281576,45.70383338928223,17.235166613260905,3704.058333333333,2025-12-12T00:45:00+05:45,0.75,4,1.527531382558979,0.19509032201612825,0.9807852804032304,-0.433883739117558,-0.9009688679024191,1
2025-12-11 20:00:00+00:00,50.84449996948243,76.890833791097,46.19733339945476,16.810833326975505,3775.927669270834,2025-12-12T01:45:00+05:45,1.75,4,1.5122743627579764,0.44228869021900125,0.8968727415326884,-0.433883739117558,-0.9009688679024191,1
2025-12-11 21:00:00+00:00,56.10616633097331,86.14150009155274,46.69299996693929,16.482666619618733,4131.555826822917,2025-12-12T02:45:00+05:45,2.75,4,1.53533035180838,0.6593458151000688,0.7518398074789774,-0.433883739117558,-0.9009688679024191,1
2025-12-11 22:00:00+00:00,53.85233357747396,82.87233327229818,46.82033341725667,16.177333450317388,3957.038834635416,2025-12-12T03:45:00+05:45,3.75,4,1.5388810060213076,0.8314696123025451,0.5555702330196024,-0.433883739117558,-0.9009688679024191,1
2025-12-11 23:00:00+00:00,59.24916661580403,100.59838875664605,47.19277752770319,15.837166674931844,4381.015614149305,2025-12-12T04:45:00+05:45,4.75,4,1.69788698310252,0.9469301294951056,0.3214394653031617,-0.433883739117558,-0.9009688679024191,1
2025-12-12 00:00:00+00:00,39.69416681925456,60.34449996948243,47.61449985504151,15.602000013987222,2898.7584960937497,2025-12-12T05:45:00+05:45,5.75,4,1.5202359642477985,0.9978589232386035,0.06540312923014327,-0.433883739117558,-0.9009688679024191,1
2025-12-12 01:00:00+00:00,54.56166636149089,79.8525001525879,48.03566684722901,15.39849982261658,3919.908333333334,2025-12-12T06:45:00+05:45,6.75,4,1.4635275180845106,0.9807852804032304,-0.1950903220161282,-0.433883739117558,-0.9009688679024191,1
2025-12-12 02:00:00+00:00,66.38083318074544,102.23349990844726,47.45616658528646,15.691166559855144,4847.680501302083,2025-12-12T07:45:00+05:45,7.75,4,1.540105705363477,0.8968727415326884,-0.44228869021900113,-0.433883739117558,-0.9009688679024191,1
2025-12-12 03:00:00+00:00,108.16641680399576,168.68983319600423,43.286083634694414,18.685333307584127,7906.832421874999,2025-12-12T08:45:00+05:45,8.75,4,1.5595398107869345,0.7518398074789774,-0.6593458151000688,-0.433883739117558,-0.9009688679024191,1
2025-12-12 04:00:00+00:00,95.95033315022783,147.6418332417806,37.11483325958252,22.13533341089884,6991.552669270834,2025-12-12T09:45:00+05:45,9.75,4,1.5387318458876036,0.5555702330196025,-0.831469612302545,-0.433883739117558,-0.9009688679024191,1
2025-12-12 05:00:00+00:00,83.83458340962727,128.4760414759318,33.88883337974548,25.236416705449425,6112.271541341146,2025-12-12T10:45:00+05:45,10.75,4,1.5324945416401754,0.32143946530316175,-0.9469301294951056,-0.433883739117558,-0.9009688679024191,1
2025-12-12 06:00:00+00:00,51.22440289391412,77.6925972196791,27.57416665818956,28.95969432195028,3660.013662380643,2025-12-12T11:45:00+05:45,11.75,4,1.5167106463023237,0.06540312923014312,-0.9978589232386035,-0.433883739117558,-0.9009688679024191,0
2025-12-12 07:00:00+00:00,35.70500027338663,55.11916681925456,26.48650000890096,28.591166655222576,2637.1973307291664,2025-12-12T12:45:00+05:45,12.75,4,1.5437380310101447,-0.19509032201612792,-0.9807852804032305,-0.433883739117558,-0.9009688679024191,0
2025-12-12 08:00:00+00:00,29.47849998474121,44.66499938964844,26.34883327484131,27.405833307902025,1957.6890055338536,2025-12-12T13:45:00+05:45,13.75,4,1.5151720546421337,-0.44228869021900147,-0.8968727415326883,-0.433883739117558,-0.9009688679024191,0
2025-12-12 09:00:00+00:00,24.910055557886764,37.59568073484633,29.145958182546824,25.40477774937948,1475.1240210639107,2025-12-12T14:45:00+05:45,14.75,4,1.509257201272808,-0.6593458151000688,-0.7518398074789774,-0.433883739117558,-0.9009688679024191,0
2025-12-12 10:00:00+00:00,20.9306666692098,31.086000092824296,30.79599990844726,24.14083337783814,1122.900508626302,2025-12-12T15:45:00+05:45,15.75,4,1.4851892003303253,-0.8314696123025452,-0.5555702330196022,-0.433883739117558,-0.9009688679024191,0
2025-12-12 11:00:00+00:00,22.244361125098337,33.33369449244605,33.45497204462687,23.133472034666276,1218.9223739624024,2025-12-12T16:45:00+05:45,16.75,4,1.4985233473320843,-0.9469301294951056,-0.3214394653031618,-0.433883739117558,-0.9009688679024191,0
2025-12-12 12:00:00+00:00,23.43033332824707,35.21383336385092,37.618500010172525,21.80950002670288,1348.1998311360676,2025-12-12T17:45:00+05:45,17.75,4,1.5029164489690776,-0.9978589232386035,-0.06540312923014273,-0.433883739117558,-0.9009688679024191,0
2025-12-12 13:00:00+00:00,32.34483327865601,48.177999877929686,38.34300003051758,20.838000043233237,2220.580666097005,2025-12-12T18:45:00+05:45,18.75,4,1.4895114611619222,-0.9807852804032304,0.1950903220161283,-0.433883739117558,-0.9009688679024191,0
2025-12-12 14:00:00+00:00,58.16399993896485,88.49449996948243,39.78383344014487,20.31933345794678,4333.072005208333,2025-12-12T19:45:00+05:45,19.75,4,1.5214651685294218,-0.8968727415326884,0.442288690219001,-0.433883739117558,-0.9009688679024191,1
2025-12-12 15:00:00+00:00,85.84433339436849,131.21616694132487,42.36200014750163,19.403666718800864,6262.441666666667,2025-12-12T20:45:00+05:45,20.75,4,1.5285361508781061,-0.7518398074789772,0.6593458151000691,-0.433883739117558,-0.9009688679024191,1
2025-12-12 16:00:00+00:00,79.07783330281576,120.59700012207033,43.83216648101806,18.737999884287515,5807.491666666666,2025-12-12T21:45:00+05:45,21.75,4,1.5250417858600607,-0.555570233019603,0.8314696123025447,-0.433883739117558,-0.9009688679024191,1
2025-12-12 17:00:00+00:00,81.94116694132488,125.9888333638509,45.018333307902026,18.165500068664556,5995.677669270833,2025-12-12T22:45:00+05:45,22.75,4,1.5375523447703274,-0.32143946530316186,0.9469301294951056,-0.433883739117558,-0.9009688679024191,1
2025-12-12 18:00:00+00:00,58.09683354695638,87.7638333638509,45.77616678873698,17.638166554768883,4280.238671874999,2025-12-12T23:45:00+05:45,23.75,4,1.5106474485036498,-0.0654031292301428,0.9978589232386035,-0.433883739117558,-0.9009688679024191,1
2025-12-12 19:00:00+00:00,53.25033315022787,80.4331667582194,46.490333493550615,17.18400001525879,3951.444498697917,2025-12-13T00:45:00+05:45,0.75,5,1.5104725548158418,0.19509032201612825,0.9807852804032304,-0.9749279121818236,-0.2225209339563146,1
2025-12-12 20:00:00+00:00,64.34700012207031,101.2673329671224,46.866499773661296,16.733166694641117,4770.2193359375,2025-12-13T01:45:00+05:45,1.75,5,1.5737692942174755,0.44228869021900125,0.8968727415326884,-0.9749279121818236,-0.2225209339563146,1
2025-12-12 21:00:00+00:00,59.1525001525879,93.00783360799151,47.00449994405111,16.355166435241703,4356.180501302083,2025-12-13T02:45:00+05:45,2.75,5,1.5723398566091287,0.6593458151000688,0.7518398074789774,-0.9749279121818236,-0.2225209339563146,1
2025-12-12 22:00:00+00:00,48.20233357747396,74.62183354695637,47.5968334833781,16.039666748046876,3528.675325520833,2025-12-13T03:45:00+05:45,3.75,5,1.5480958702345655,0.8314696123025451,0.5555702330196024,-0.9749279121818236,-0.2225209339563146,1
2025-12-12 23:00:00+00:00,40.42766672770183,61.43816706339518,47.48349997202556,15.756666723887124,2962.455013020833,2025-12-13T04:45:00+05:45,4.75,5,1.5197059844489254,0.9469301294951056,0.3214394653031617,-0.9749279121818236,-0.2225209339563146,1
2025-12-13 00:00:00+00:00,40.69466654459635,61.77783330281576,47.80733331044515,15.44916656812032,2970.4393229166667,2025-12-13T05:45:00+05:45,5.75,5,1.5180818163263445,0.9978589232386035,0.06540312923014327,-0.9749279121818236,-0.2225209339563146,1
2025-12-13 01:00:00+00:00,54.1,81.75783360799153,47.71833356221517,15.18650000890096,3865.0141601562495,2025-12-13T06:45:00+05:45,6.75,5,1.5112353716819136,0.9807852804032304,-0.1950903220161282,-0.9749279121818236,-0.2225209339563146,1
2025-12-13 02:00:00+00:00,65.65316645304362,100.72849960327147,47.70833307902018,15.428166707356771,4721.661328125,2025-12-13T07:45:00+05:45,7.75,5,1.5342519644549724,0.8968727415326884,-0.44228869021900113,-0.9749279121818236,-0.2225209339563146,1
2025-12-13 03:00:00+00:00,89.0631110297309,136.937111070421,43.98555526733398,18.132888878716365,6520.655338541666,2025-12-13T08:45:00+05:45,8.75,5,1.5375289442192164,0.7518398074789774,-0.6593458151000688,-0.9749279121818236,-0.2225209339563146,1
2025-12-13 05:00:00+00:00,68.74866638183593,105.1591111924913,35.34155536227756,24.16177775065104,5058.7073350694445,2025-12-13T10:45:00+05:45,10.75,5,1.529616743522393,0.32143946530316175,-0.9469301294951056,-0.9749279121818236,-0.2225209339563146,1
2025-12-13 06:00:00+00:00,64.06350021362304,96.4856669108073,28.11083329518636,28.733999951680502,4688.372493489584,2025-12-13T11:45:00+05:45,11.75,5,1.5060942126026655,0.06540312923014312,-0.9978589232386035,-0.9749279121818236,-0.2225209339563146,0
2025-12-13 07:00:00+00:00,32.96716642379761,49.71149978637696,26.58083337148031,28.19366668065389,2367.2971659342447,2025-12-13T12:45:00+05:45,12.75,5,1.5079093892186113,-0.19509032201612792,-0.9807852804032305,-0.9749279121818236,-0.2225209339563146,0
2025-12-13 08:00:00+00:00,29.627666632334392,44.80816675821941,25.66683340072632,27.04716653823853,1983.130830891927,2025-12-13T13:45:00+05:45,13.75,5,1.5123758247407055,-0.44228869021900147,-0.8968727415326883,-0.9749279121818236,-0.2225209339563146,0
2025-12-13 09:00:00+00:00,29.62133337656657,44.3970001220703,27.62849998474121,25.667500019073486,1951.7165079752608,2025-12-13T14:45:00+05:45,14.75,5,1.4988184210908195,-0.6593458151000688,-0.7518398074789774,-0.9749279121818236,-0.2225209339563146,0
2025-12-13 10:00:00+00:00,26.097333335876467,38.7745002746582,30.24383341471354,24.51600001653036,1571.9446695963543,2025-12-13T15:45:00+05:45,15.75,5,1.4857648394809062,-0.8314696123025452,-0.5555702330196022,-0.9749279121818236,-0.2225209339563146,0
2025-12-13 11:00:00+00:00,23.569833342234293,35.45333302815756,32.28933324813843,23.356333414713543,1371.2863362630212,2025-12-13T16:45:00+05:45,16.75,5,1.504182592781828,-0.9469301294951056,-0.3214394653031618,-0.9749279121818236,-0.2225209339563146,0
2025-12-13 12:00:00+00:00,25.041625014940905,37.89287509918213,35.0105834643046,22.082458273569745,1508.8600458780927,2025-12-13T17:45:00+05:45,17.75,5,1.51319553250133,-0.9978589232386035,-0.06540312923014273,-0.9749279121818236,-0.2225209339563146,0
2025-12-13 13:00:00+00:00,38.71166636149088,57.985833485921226,36.45366649627686,21.22183335622152,2863.2971659342443,2025-12-13T18:45:00+05:45,18.75,5,1.4978904019384625,-0.9807852804032304,0.1950903220161283,-0.9749279121818236,-0.2225209339563146,0
2025-12-13 14:00:00+00:00,76.03050003051759,117.46900024414064,39.26266689300537,20.11599998474121,5601.277832031251,2025-12-13T19:45:00+05:45,19.75,5,1.5450246966281982,-0.8968727415326884,0.442288690219001,-0.9749279121818236,-0.2225209339563146,1
2025-12-13 15:00:00+00:00,115.5138333638509,179.98899993896484,42.14699986775716,19.47516663869222,8389.966666666667,2025-12-13T20:45:00+05:45,20.75,5,1.5581596999904506,-0.7518398074789772,0.6593458151000691,-0.9749279121818236,-0.2225209339563146,1
2025-12-13 16:00:00+00:00,103.05616633097328,160.81866709391275,43.35416673024495,18.803166770935057,7505.961653645833,2025-12-13T21:45:00+05:45,21.75,5,1.5604953378280197,-0.555570233019603,0.8314696123025447,-0.9749279121818236,-0.2225209339563146,1
2025-12-13 17:00:00+00:00,73.4418332417806,113.02200012207032,44.22149982452392,18.18016668955485,5359.094661458333,2025-12-13T22:45:00+05:45,22.75,5,1.5389321743914859,-0.32143946530316186,0.9469301294951056,-0.9749279121818236,-0.2225209339563146,1
2025-12-13 18:00:00+00:00,71.72483342488606,109.76949996948244,45.27733351389566,17.524166552225747,5259.9470052083325,2025-12-13T23:45:00+05:45,23.75,5,1.5304253035936113,-0.0654031292301428,0.9978589232386035,-0.9749279121818236,-0.2225209339563146,1
2025-12-13 19:00:00+00:00,63.19045861562092,96.12275009155272,45.99966638882955,17.05141670703888,4629.074536132813,2025-12-14T00:45:00+05:45,0.75,6,1.5211592414015305,0.19509032201612825,0.9807852804032304,-0.7818314824680299,0.6234898018587334,1
2025-12-13 20:00:00+00:00,62.200333150227856,96.22183354695638,46.15166664123535,16.67050011952718,4577.291992187499,2025-12-14T01:45:00+05:45,1.75,6,1.5469665301399418,0.44228869021900125,0.8968727415326884,-0.7818314824680299,0.6234898018587334,1
2025-12-13 21:00:00+00:00,52.830500030517584,81.35583318074545,46.50399971008301,16.295333353678384,3883.8278320312497,2025-12-14T02:45:00+05:45,2.75,6,1.5399406239530231,0.6593458151000688,0.7518398074789774,-0.7818314824680299,0.6234898018587334,1
2025-12-13 22:00:00+00:00,44.5831667582194,67.81183293660482,46.80100015004476,15.847833283742268,3278.0754882812507,2025-12-14T03:45:00+05:45,3.75,6,1.521018758141557,0.8314696123025451,0.5555702330196024,-0.7818314824680299,0.6234898018587334,1
2025-12-13 23:00:00+00:00,37.3586664835612,56.78033345540364,46.974500274658205,15.527666759490968,2734.2254882812504,2025-12-14T04:45:00+05:45,4.75,6,1.5198704557719822,0.9469301294951056,0.3214394653031617,-0.7818314824680299,0.6234898018587334,1
2025-12-14 00:00:00+00:00,54.61650009155274,83.6694999694824,47.24766680399577,15.27899982134501,3920.799674479168,2025-12-14T05:45:00+05:45,5.75,6,1.5319454712262521,0.9978589232386035,0.06540312923014327,-0.7818314824680299,0.6234898018587334,1
2025-12-14 01:00:00+00:00,48.93600006103515,72.07766672770182,47.29499994913737,15.079333448410033,3517.578157552083,2025-12-14T06:45:00+05:45,6.75,6,1.4728965718040574,0.9807852804032304,-0.1950903220161282,-0.7818314824680299,0.6234898018587334,1
2025-12-14 02:00:00+00:00,68.05533345540366,102.72783330281574,47.4910000483195,15.305166737238569,4886.607845052083,2025-12-14T07:45:00+05:45,7.75,6,1.509475129824069,0.8968727415326884,-0.44228869021900113,-0.7818314824680299,0.6234898018587334,1
2025-12-14 03:00:00+00:00,89.1856669108073,135.04983342488603,43.62083339691163,18.16966663996379,6515.322330729166,2025-12-14T08:45:00+05:45,8.75,6,1.514254903312508,0.7518398074789774,-0.6593458151000688,-0.7818314824680299,0.6234898018587334,1
2025-12-14 04:00:00+00:00,86.57783330281575,132.46149978637695,36.96349976857503,22.03883339564005,6290.871516927084,2025-12-14T09:45:00+05:45,9.75,6,1.5299701405448425,0.5555702330196025,-0.831469612302545,-0.7818314824680299,0.6234898018587334,1
2025-12-14 05:00:00+00:00,74.22766672770183,113.69716669718429,32.82283344268799,25.12516673405965,5429.250000000001,2025-12-14T10:45:00+05:45,10.75,6,1.5317356951859085,0.32143946530316175,-0.9469301294951056,-0.7818314824680299,0.6234898018587334,1
2025-12-14 06:00:00+00:00,55.50550003051757,83.91116663614909,28.12766669591268,27.789166641235354,4079.84716796875,2025-12-14T11:45:00+05:45,11.75,6,1.5117630971707985,0.06540312923014312,-0.9978589232386035,-0.7818314824680299,0.6234898018587334,0
2025-12-14 07:00:00+00:00,67.10283330281577,103.20849990844728,27.702499961853025,27.410166517893472,4918.572330729166,2025-12-14T12:45:00+05:45,12.75,6,1.5380647109593277,-0.19509032201612792,-0.9807852804032305,-0.7818314824680299,0.6234898018587334,0
2025-12-14 08:00:00+00:00,41.96327268427069,63.89036393599076,27.51109095486728,27.46454547535289,3012.138916015625,2025-12-14T13:45:00+05:45,13.75,6,1.5225305332283847,-0.44228869021900147,-0.8968727415326883,-0.7818314824680299,0.6234898018587334,0
2025-12-14 09:00:00+00:00,31.732249972555376,48.4209443834093,27.41025002267625,25.73084716267056,2212.080185275608,2025-12-14T14:45:00+05:45,14.75,6,1.5259221903674545,-0.6593458151000688,-0.7518398074789774,-0.7818314824680299,0.6234898018587334,0
2025-12-14 10:00:00+00:00,21.7943333307902,31.915666770935054,28.704083267847693,24.783166758219405,1189.9721638997396,2025-12-14T15:45:00+05:45,15.75,6,1.46440206665307,-0.8314696123025452,-0.5555702330196022,-0.7818314824680299,0.6234898018587334,0
2025-12-14 11:00:00+00:00,21.753000005086264,33.16733315785726,30.70866661071777,23.601999918619796,1182.6799947102866,2025-12-14T16:45:00+05:45,16.75,6,1.5247245506413876,-0.9469301294951056,-0.3214394653031618,-0.7818314824680299,0.6234898018587334,0
2025-12-14 12:00:00+00:00,27.56999988555908,41.07766672770182,33.81016686757406,22.31750001907349,1770.7053365071615,2025-12-14T17:45:00+05:45,17.75,6,1.4899407652597754,-0.9978589232386035,-0.06540312923014273,-0.7818314824680299,0.6234898018587334,0
2025-12-14 13:00:00+00:00,38.86683327356975,57.89400024414062,36.42116667429607,21.342000198364257,2877.383170572917,2025-12-14T18:45:00+05:45,18.75,6,1.4895476520210802,-0.9807852804032304,0.1950903220161283,-0.7818314824680299,0.6234898018587334,0
2025-12-14 14:00:00+00:00,69.31116663614908,105.97549972534176,39.52416687011719,20.593000062306725,5116.022330729165,2025-12-14T19:45:00+05:45,19.75,6,1.5289816182385607,-0.8968727415326884,0.442288690219001,-0.7818314824680299,0.6234898018587334,1
2025-12-14 15:00:00+00:00,95.37783330281574,148.0556666056315,42.21233336130778,19.62850001653036,6946.04716796875,2025-12-14T20:45:00+05:45,20.75,6,1.5523068775903992,-0.7518398074789772,0.6593458151000691,-0.7818314824680299,0.6234898018587334,1
2025-12-14 16:00:00+00:00,117.96666666666664,196.8498344421387,43.19349988301595,18.851166756947837,8645.566666666668,2025-12-14T21:45:00+05:45,21.75,6,1.6686903173959204,-0.555570233019603,0.8314696123025447,-0.7818314824680299,0.6234898018587334,1
2025-12-14 17:00:00+00:00,58.66983311971028,89.08866678873699,44.479833412170414,17.965166441599532,4340.755501302084,2025-12-14T22:45:00+05:45,22.75,6,1.5184748626599964,-0.32143946530316186,0.9469301294951056,-0.7818314824680299,0.6234898018587334,1
2025-12-14 18:00:00+00:00,63.91716639200846,97.46616694132484,45.00300019582113,17.632166703542072,4700.927832031251,2025-12-14T23:45:00+05:45,23.75,6,1.5248824759151245,-0.0654031292301428,0.9978589232386035,-0.7818314824680299,0.6234898018587334,1
2025-12-14 19:00:00+00:00,76.65550003051757,122.77166671752929,45.845833396911615,17.171999835968016,5657.858007812499,2025-12-15T00:45:00+05:45,0.75,0,1.601602842178999,0.19509032201612825,0.9807852804032304,0.0,1.0,1
2025-12-14 20:00:00+00:00,106.41350021362308,182.9361658732097,46.47283312479656,16.646333344777425,7815.438671875,2025-12-15T01:45:00+05:45,1.75,0,1.7191067440312442,0.44228869021900125,0.8968727415326884,0.0,1.0,1
2025-12-14 21:00:00+00:00,92.04933331807456,162.0457078933716,46.84004173278808,16.368666569391888,6824.894637044272,2025-12-15T02:45:00+05:45,2.75,0,1.7604223958192724,0.6593458151000688,0.7518398074789774,0.0,1.0,1
2025-12-14 22:00:00+00:00,74.39962520599364,122.67840192582872,46.86769435670641,15.996666797002156,5404.732134331597,2025-12-15T03:45:00+05:45,3.75,0,1.6489115581720126,0.8314696123025451,0.5555702330196024,0.0,1.0,1
2025-12-14 23:00:00+00:00,61.074666849772136,94.85849990844729,47.22116661071777,15.77433336575826,4454.797493489583,2025-12-15T04:45:00+05:45,4.75,0,1.553156239751166,0.9469301294951056,0.3214394653031617,0.0,1.0,1
2025-12-15 00:00:00+00:00,67.29933369954426,109.22549972534178,47.53083324432372,15.453833230336508,4876.627669270834,2025-12-15T05:45:00+05:45,5.75,0,1.6229804029409198,0.9978589232386035,0.06540312923014327,0.0,1.0,1
2025-12-15 01:00:00+00:00,82.14700012207031,130.88133290608724,47.390499814351394,15.322333367665609,5867.9306640625,2025-12-15T06:45:00+05:45,6.75,0,1.593257607844447,0.9807852804032304,-0.1950903220161282,0.0,1.0,1
2025-12-15 02:00:00+00:00,103.1254997253418,162.2893330891927,47.4173334757487,15.527666600545247,7406.8943359375,2025-12-15T07:45:00+05:45,7.75,0,1.5737071192035361,0.8968727415326884,-0.44228869021900113,0.0,1.0,1
2025-12-15 03:00:00+00:00,111.65833333333336,173.77833277384437,43.58700033823649,18.46633326212565,8106.191341145834,2025-12-15T08:45:00+05:45,8.75,0,1.5563400203643047,0.7518398074789774,-0.6593458151000688,0.0,1.0,1
2025-12-15 04:00:00+00:00,82.29716669718424,125.6831667582194,37.31533323923748,21.80866664250692,5999.316503906251,2025-12-15T09:45:00+05:45,9.75,0,1.5271870442475342,0.5555702330196025,-0.831469612302545,0.0,1.0,1
2025-12-15 05:00:00+00:00,72.44100036621093,110.47766672770182,33.38783327738444,25.00583327611288,5303.908333333334,2025-12-15T10:45:00+05:45,10.75,0,1.5250709704339278,0.32143946530316175,-0.9469301294951056,0.0,1.0,1
2025-12-15 06:00:00+00:00,54.27483342488606,82.16966654459635,27.564000066121423,28.41949993769328,4010.0833333333335,2025-12-15T11:45:00+05:45,11.75,0,1.5139552046403881,0.06540312923014312,-0.9978589232386035,0.0,1.0,0
2025-12-15 07:00:00+00:00,35.59183320999146,53.303166453043616,25.774333318074543,28.216166528066,2546.555670166016,2025-12-15T12:45:00+05:45,12.75,0,1.4976235176916983,-0.19509032201612792,-0.9807852804032305,0.0,1.0,0
2025-12-15 08:00:00+00:00,34.07450011571249,52.29999999999999,25.97366660435995,27.221000003814694,2449.4031636555987,2025-12-15T13:45:00+05:45,13.75,0,1.5348721132341228,-0.44228869021900147,-0.8968727415326883,0.0,1.0,0
2025-12-15 09:00:00+00:00,8.192166678110759,16.731000010172526,25.57033332188924,24.98999999364217,663.9828364054362,2025-12-15T14:45:00+05:45,14.75,0,2.0423168457835814,-0.6593458151000688,-0.7518398074789774,0.0,1.0,0
2025-12-15 10:00:00+00:00,15.044500001271564,25.60866664250692,29.96999998092652,23.5771666208903,874.1111673990885,2025-12-15T15:45:00+05:45,15.75,0,1.7021945987133151,-0.8314696123025452,-0.5555702330196022,0.0,1.0,0
2025-12-15 11:00:00+00:00,14.585833326975504,24.19983332951864,31.656500053405757,22.91583325068156,852.2640014648438,2025-12-15T16:45:00+05:45,16.75,0,1.6591327205667912,-0.9469301294951056,-0.3214394653031618,0.0,1.0,0
2025-12-15 12:00:00+00:00,21.591499996185306,32.10283342997233,34.32833321889242,21.60833336512248,1221.2390014648438,2025-12-15T17:45:00+05:45,17.75,0,1.4868273827961984,-0.9978589232386035,-0.06540312923014273,0.0,1.0,0
2025-12-15 13:00:00+00:00,32.89999990463257,48.72816645304362,35.86816647847494,20.79900000890096,2281.916829427084,2025-12-15T18:45:00+05:45,18.75,0,1.4810992885803116,-0.9807852804032304,0.1950903220161283,0.0,1.0,0
2025-12-15 14:00:00+00:00,43.911499754587815,65.20033315022786,39.03533356984456,20.236666679382328,3257.4278320312496,2025-12-15T19:45:00+05:45,19.75,0,1.4848122590806254,-0.8968727415326884,0.442288690219001,0.0,1.0,0
2025-12-15 15:00:00+00:00,83.26093052758112,126.777611456977,40.237875111897786,19.25405557420519,6105.145551215278,2025-12-15T20:45:00+05:45,20.75,0,1.5226542707804651,-0.7518398074789772,0.6593458151000691,0.0,1.0,1
2025-12-15 16:00:00+00:00,56.36924997965494,85.13494457668729,40.70827792485554,18.422555669148764,4179.635324435764,2025-12-15T21:45:00+05:45,21.75,0,1.5103082728156683,-0.555570233019603,0.8314696123025447,0.0,1.0,1
2025-12-15 17:00:00+00:00,58.602167002360034,91.03616663614908,43.119166564941416,17.690833568572998,4321.380989583334,2025-12-15T22:45:00+05:45,22.75,0,1.5534607556830256,-0.32143946530316186,0.9469301294951056,0.0,1.0,1
2025-12-15 18:00:00+00:00,46.75283330281576,70.6754997253418,43.87916660308838,17.342333380381266,3473.163509114584,2025-12-15T23:45:00+05:45,23.75,0,1.5116837789825512,-0.0654031292301428,0.9978589232386035,0.0,1.0,1
2025-12-15 19:00:00+00:00,58.58883336385091,94.63600006103518,44.78116633097331,16.828500016530352,4359.569498697916,2025-12-16T00:45:00+05:45,0.75,1,1.6152566048434962,0.19509032201612825,0.9807852804032304,0.7818314824680298,0.6234898018587336,1
2025-12-15 20:00:00+00:00,46.7086664835612,69.83949966430664,45.34133319854735,16.404499975840253,3460.858170572917,2025-12-16T01:45:00+05:45,1.75,1,1.495215019441546,0.44228869021900125,0.8968727415326884,0.7818314824680298,0.6234898018587336,1
2025-12-15 21:00:00+00:00,48.88349990844727,74.05250015258788,46.03083318074544,16.0428334236145,3592.2808268229164,2025-12-16T02:45:00+05:45,2.75,1,1.5148772140145248,0.6593458151000688,0.7518398074789774,0.7818314824680298,0.6234898018587336,1
2025-12-15 22:00:00+00:00,44.53083318074544,67.07716700236004,46.32866668701172,15.78266657193502,3256.150651041667,2025-12-16T03:45:00+05:45,3.75,1,1.506308375819102,0.8314696123025451,0.5555702330196024,0.7818314824680298,0.6234898018587336,1
2025-12-15 23:00:00+00:00,45.28333333333333,71.83033345540365,46.58149960835775,15.508666610717777,3313.527669270833,2025-12-16T04:45:00+05:45,4.75,1,1.5862421815694585,0.9469301294951056,0.3214394653031617,0.7818314824680298,0.6234898018587336,1
2025-12-16 00:00:00+00:00,46.42200012207032,70.8086664835612,46.87316659291585,15.311999766031905,3356.372493489582,2025-12-16T05:45:00+05:45,5.75,1,1.5253256278782519,0.9978589232386035,0.06540312923014327,0.7818314824680298,0.6234898018587336,1
2025-12-16 01:00:00+00:00,48.95299987792969,73.03933308919271,46.8851666132609,15.066333373387655,3508.9229817708333,2025-12-16T06:45:00+05:45,6.75,1,1.4920297687848598,0.9807852804032304,-0.1950903220161282,0.7818314824680298,0.6234898018587336,1
2025-12-16 02:00:00+00:00,80.81666666666668,124.835999806722,46.89516671498617,15.32200001080831,5771.946842447916,2025-12-16T07:45:00+05:45,7.75,1,1.5446813752120683,0.8968727415326884,-0.44228869021900113,0.7818314824680298,0.6234898018587336,1
2025-12-16 03:00:00+00:00,66.56083348592122,98.51949996948242,42.62333342234293,18.43133325576782,4862.738834635417,2025-12-16T08:45:00+05:45,8.75,1,1.4801422219317764,0.7518398074789774,-0.6593458151000688,0.7818314824680298,0.6234898018587336,1
2025-12-16 04:00:00+00:00,72.93633321126303,109.18899993896486,36.60949993133545,21.88899993896484,5345.508007812501,2025-12-16T09:45:00+05:45,9.75,1,1.4970453700036512,0.5555702330196025,-0.831469612302545,0.7818314824680298,0.6234898018587336,1
2025-12-16 05:00:00+00:00,73.13633321126304,108.7693333943685,32.96566645304362,24.81200002034505,5343.722330729166,2025-12-16T10:45:00+05:45,10.75,1,1.487213381072514,0.32143946530316175,-0.9469301294951056,0.7818314824680298,0.6234898018587336,1
2025-12-16 06:00:00+00:00,42.022333304087326,61.69716669718425,28.04999980926513,27.962166595458985,3033.4635050455727,2025-12-16T11:45:00+05:45,11.75,1,1.468199451247112,0.06540312923014312,-0.9978589232386035,0.7818314824680298,0.6234898018587336,0
2025-12-16 07:00:00+00:00,30.75420817534129,46.0418332417806,26.610041689872745,27.534458144505816,2114.2783757527664,2025-12-16T12:45:00+05:45,12.75,1,1.4970905112977977,-0.19509032201612792,-0.9807852804032305,0.7818314824680298,0.6234898018587336,0
2025-12-16 08:00:00+00:00,26.208361127641464,39.34929183324178,27.84640276432037,26.133708402845595,1610.6637698703344,2025-12-16T13:45:00+05:45,13.75,1,1.5014022296777965,-0.44228869021900147,-0.8968727415326883,0.7818314824680298,0.6234898018587336,0
2025-12-16 09:00:00+00:00,25.410666624705,37.8918332417806,29.72416667938233,24.41383355458577,1511.871997070312,2025-12-16T14:45:00+05:45,14.75,1,1.4911782442157988,-0.6593458151000688,-0.7518398074789774,0.7818314824680298,0.6234898018587336,0
2025-12-16 10:00:00+00:00,23.413666661580404,34.669000116984044,30.418333403269447,23.93016678492228,1330.3976725260416,2025-12-16T15:45:00+05:45,15.75,1,1.4807163960300405,-0.8314696123025452,-0.5555702330196022,0.7818314824680298,0.6234898018587336,0
2025-12-16 11:00:00+00:00,21.47199999491373,32.24150005976359,30.60333325068156,23.021166674296055,1163.645009358724,2025-12-16T16:45:00+05:45,16.75,1,1.501560174525006,-0.9469301294951056,-0.3214394653031618,0.7818314824680298,0.6234898018587336,0
2025-12-16 12:00:00+00:00,29.810666720072422,43.25800002415976,33.13599999745687,21.74949995676677,2030.6393280029292,2025-12-16T17:45:00+05:45,17.75,1,1.4510913301725266,-0.9978589232386035,-0.06540312923014273,0.7818314824680298,0.6234898018587336,0
2025-12-16 13:00:00+00:00,42.92283299763997,63.93349990844726,36.07116654713949,20.815666770935056,3202.163509114584,2025-12-16T18:45:00+05:45,18.75,1,1.489498605834394,-0.9807852804032304,0.1950903220161283,0.7818314824680298,0.6234898018587336,0
2025-12-16 14:00:00+00:00,56.03899993896484,84.40316645304362,39.62283344268799,20.20183324813843,4153.166178385416,2025-12-16T19:45:00+05:45,19.75,1,1.5061504763641707,-0.8968727415326884,0.442288690219001,0.7818314824680298,0.6234898018587336,1
2025-12-16 15:00:00+00:00,92.49983342488606,141.74983342488605,42.761499913533534,19.33466679255168,6744.944498697918,2025-12-16T20:45:00+05:45,20.75,1,1.532433391244895,-0.7518398074789772,0.6593458151000691,0.7818314824680298,0.6234898018587336,1
2025-12-16 16:00:00+00:00,91.0831667582194,140.68300018310546,43.76183338165283,18.52666645050049,6657.605013020835,2025-12-16T21:45:00+05:45,21.75,1,1.544555434228028,-0.555570233019603,0.8314696123025447,0.7818314824680298,0.6234898018587336,1
2025-12-16 17:00:00+00:00,79.76449966430664,121.23116633097332,44.1271666208903,18.02333319981893,5820.727669270833,2025-12-16T22:45:00+05:45,22.75,1,1.5198636842352358,-0.32143946530316186,0.9469301294951056,0.7818314824680298,0.6234898018587336,1
2025-12-16 18:00:00+00:00,66.96633351643881,100.375,45.253500111897786,17.48483327229818,4899.596842447916,2025-12-16T23:45:00+05:45,23.75,1,1.4988874965860282,-0.0654031292301428,0.9978589232386035,0.7818314824680298,0.6234898018587336,1
2025-12-16 19:00:00+00:00,60.2475835164388,90.36387462615969,45.82349991798401,16.966583244005836,4416.253881835938,2025-12-17T00:45:00+05:45,0.75,2,1.4998755029154576,0.19509032201612825,0.9807852804032304,0.9749279121818236,-0.22252093395631434,1
2025-12-16 20:00:00+00:00,58.33841654459636,90.5239585240682,46.594208319981895,16.564916849136356,4324.027001953125,2025-12-17T01:45:00+05:45,1.75,2,1.5517040723048738,0.44228869021900125,0.8968727415326884,0.9749279121818236,-0.22252093395631434,1
2025-12-16 21:00:00+00:00,53.77783330281574,83.14466654459635,46.54783356984456,16.248833243052164,3970.036165364583,2025-12-17T02:45:00+05:45,2.75,2,1.5460769138172585,0.6593458151000688,0.7518398074789774,0.9749279121818236,-0.22252093395631434,1
2025-12-16 22:00:00+00:00,45.39716669718425,69.17166697184244,47.09583320617676,15.90183318456014,3340.1275065104164,2025-12-17T03:45:00+05:45,3.75,2,1.5237000897708624,0.8314696123025451,0.5555702330196024,0.9749279121818236,-0.22252093395631434,1
2025-12-16 23:00:00+00:00,41.27216669718424,63.01366678873699,47.37650000254314,15.649666674931844,3038.963997395833,2025-12-17T04:45:00+05:45,4.75,2,1.5267835888304853,0.9469301294951056,0.3214394653031617,0.9749279121818236,-0.22252093395631434,1
2025-12-17 00:00:00+00:00,49.725,76.5974998474121,47.782999992370605,15.374833345413206,3591.375,2025-12-17T05:45:00+05:45,5.75,2,1.5404223197066282,0.9978589232386035,0.06540312923014327,0.9749279121818236,-0.22252093395631434,1
2025-12-17 01:00:00+00:00,47.98550033569336,72.03616663614908,47.78816649119059,15.244166676203411,3455.521842447916,2025-12-17T06:45:00+05:45,6.75,2,1.5012069506872674,0.9807852804032304,-0.1950903220161282,0.9749279121818236,-0.22252093395631434,1
2025-12-17 02:00:00+00:00,69.82750015258789,104.33566691080728,47.572666676839184,15.523666572570802,5038.019498697918,2025-12-17T07:45:00+05:45,7.75,2,1.4941916391509324,0.8968727415326884,-0.44228869021900113,0.9749279121818236,-0.22252093395631434,1
2025-12-17 03:00:00+00:00,92.61083348592123,139.53550033569337,43.22849992116293,18.711666584014893,6752.600162760416,2025-12-17T08:45:00+05:45,8.75,2,1.50668658388552,0.7518398074789774,-0.6593458151000688,0.9749279121818236,-0.22252093395631434,1
2025-12-17 04:00:00+00:00,86.1051668802897,129.6775001525879,37.12533327738444,22.28116664886475,6284.627343750001,2025-12-17T09:45:00+05:45,9.75,2,1.5060362211814298,0.5555702330196025,-0.831469612302545,0.9749279121818236,-0.22252093395631434,1
2025-12-17 05:00:00+00:00,68.013666788737,101.7168332417806,33.86516650517781,25.168500041961668,4951.894173177084,2025-12-17T10:45:00+05:45,10.75,2,1.4955352070302557,0.32143946530316175,-0.9469301294951056,0.9749279121818236,-0.22252093395631434,1
2025-12-17 06:00:00+00:00,51.21477779812283,76.33949966430664,29.79749996397231,28.221055518256293,3765.141883680556,2025-12-17T11:45:00+05:45,11.75,2,1.4905756296594672,0.06540312923014312,-0.9978589232386035,0.9749279121818236,-0.22252093395631434,0
2025-12-17 07:00:00+00:00,36.33383309046428,54.224833424886064,28.953999900817877,28.208500035603844,2681.5558268229165,2025-12-17T12:45:00+05:45,12.75,2,1.492406080301977,-0.19509032201612792,-0.9807852804032305,0.9749279121818236,-0.22252093395631434,0
2025-12-17 08:00:00+00:00,27.047333335876463,40.43000024159749,29.5840001742045,26.53166666030884,1695.1193318684898,2025-12-17T13:45:00+05:45,13.75,2,1.4947869255550537,-0.44228869021900147,-0.8968727415326883,0.9749279121818236,-0.22252093395631434,0
2025-12-17 10:00:00+00:00,25.683263773388333,38.41950006484985,30.57448632452224,24.785958321889243,1608.849356926812,2025-12-17T15:45:00+05:45,15.75,2,1.495896331706025,-0.8314696123025452,-0.5555702330196022,0.9749279121818236,-0.22252093395631434,0
2025-12-17 11:00:00+00:00,33.68330538007948,51.85038867526584,34.70386109881931,23.84241675800747,2464.501928032769,2025-12-17T16:45:00+05:45,16.75,2,1.5393497784789993,-0.9469301294951056,-0.3214394653031618,0.9749279121818236,-0.22252093395631434,0
2025-12-17 12:00:00+00:00,29.82633336385091,44.83183339436849,37.092166582743324,22.01383339564006,1988.302923583984,2025-12-17T17:45:00+05:45,17.75,2,1.5030956989404547,-0.9978589232386035,-0.06540312923014273,0.9749279121818236,-0.22252093395631434,0
2025-12-17 13:00:00+00:00,41.06716661453248,61.88399963378907,39.12550010681152,21.153666655222573,2983.460673014324,2025-12-17T18:45:00+05:45,18.75,2,1.5068972304480852,-0.9807852804032304,0.1950903220161283,0.9749279121818236,-0.22252093395631434,0
2025-12-17 14:00:00+00:00,98.06199951171877,157.15000025431314,40.50766684214274,20.43183339436849,7187.563346354167,2025-12-17T19:45:00+05:45,19.75,2,1.6025575761947741,-0.8968727415326884,0.442288690219001,0.9749279121818236,-0.22252093395631434,1
2025-12-17 15:00:00+00:00,101.53550033569336,157.69933369954427,42.860166803995774,19.478666718800863,7387.208333333335,2025-12-17T20:45:00+05:45,20.75,2,1.5531447934777873,-0.7518398074789772,0.6593458151000691,0.9749279121818236,-0.22252093395631434,1
2025-12-17 16:00:00+00:00,94.0331667582194,145.36683298746743,43.65900001525878,18.76716658274333,6867.511002604167,2025-12-17T21:45:00+05:45,21.75,2,1.5459102144378327,-0.555570233019603,0.8314696123025447,0.9749279121818236,-0.22252093395631434,1
2025-12-17 17:00:00+00:00,108.80299987792968,167.55233357747397,44.65666681925456,18.19583336512248,7910.638834635415,2025-12-17T22:45:00+05:45,22.75,2,1.5399606055481692,-0.32143946530316186,0.9469301294951056,0.9749279121818236,-0.22252093395631434,1
2025-12-17 18:00:00+00:00,82.41983311971028,126.20583318074546,45.50316677093506,17.65166654586792,6017.966829427082,2025-12-17T23:45:00+05:45,23.75,2,1.5312556262694492,-0.0654031292301428,0.9978589232386035,0.9749279121818236,-0.22252093395631434,1
2025-12-17 19:00:00+00:00,66.11416651407878,100.46966654459636,46.40816694895427,17.073666604359946,4842.092154947916,2025-12-18T00:45:00+05:45,0.75,3,1.5196390099420176,0.19509032201612825,0.9807852804032304,0.43388373911755823,-0.900968867902419,1
2025-12-17 20:00:00+00:00,62.33600006103514,93.28566691080728,46.524500147501634,16.684833335876466,4565.09716796875,2025-12-18T01:45:00+05:45,1.75,3,1.4964974784950644,0.44228869021900125,0.8968727415326884,0.43388373911755823,-0.900968867902419,1
2025-12-17 21:00:00+00:00,51.96750005086263,77.26677822536892,46.67972225613064,16.217555819617377,3800.646657986111,2025-12-18T02:45:00+05:45,2.75,3,1.4868288478326819,0.6593458151000688,0.7518398074789774,0.43388373911755823,-0.900968867902419,1
2025-12-17 22:00:00+00:00,41.63066660563151,61.994833119710286,46.97449982961019,15.913333320617674,3047.9360026041663,2025-12-18T03:45:00+05:45,3.75,3,1.4891626335698418,0.8314696123025451,0.5555702330196024,0.43388373911755823,-0.900968867902419,1
2025-12-17 23:00:00+00:00,36.96366678873698,55.84466654459636,46.92599983215332,15.542166630427042,2713.8413411458328,2025-12-18T04:45:00+05:45,4.75,3,1.510798884314489,0.9469301294951056,0.3214394653031617,0.43388373911755823,-0.900968867902419,1
2025-12-18 00:00:00+00:00,44.6913335164388,66.88533376057943,47.46349989573161,15.242333285013832,3223.566666666666,2025-12-18T05:45:00+05:45,5.75,3,1.4966063551443818,0.9978589232386035,0.06540312923014327,0.43388373911755823,-0.900968867902419,1
2025-12-18 01:00:00+00:00,48.77816645304361,72.4418332417806,47.47633349100749,15.126666816075645,3501.9716796875,2025-12-18T06:45:00+05:45,6.75,3,1.485128255313099,0.9807852804032304,-0.1950903220161282,0.43388373911755823,-0.900968867902419,1
2025-12-18 02:00:00+00:00,65.30581831498579,100.1792724609375,47.536727419766514,15.229090916026724,4700.457634943182,2025-12-18T07:45:00+05:45,7.75,3,1.5340022534860307,0.8968727415326884,-0.44228869021900113,0.43388373911755823,-0.900968867902419,1
2025-12-18 03:00:00+00:00,89.9995002746582,137.77966715494793,43.22550010681152,18.381499926249187,6554.891503906249,2025-12-18T08:45:00+05:45,8.75,3,1.5308936909035653,0.7518398074789774,-0.6593458151000688,0.43388373911755823,-0.900968867902419,1
2025-12-18 04:00:00+00:00,113.86100006103516,174.73016688028972,37.874833552042645,21.66133337020874,8228.067317708332,2025-12-18T09:45:00+05:45,9.75,3,1.53459188648111,0.5555702330196025,-0.831469612302545,0.43388373911755823,-0.900968867902419,1
2025-12-18 05:00:00+00:00,94.9974998474121,145.3288327534993,33.108499940236406,25.20816666285197,6909.452669270834,2025-12-18T10:45:00+05:45,10.75,3,1.5298174476900017,0.32143946530316175,-0.9469301294951056,0.43388373911755823,-0.900968867902419,1
2025-12-18 06:00:00+00:00,74.36633351643879,112.68083318074548,27.83799997965495,28.41349995930989,5417.069824218751,2025-12-18T11:45:00+05:45,11.75,3,1.515212971415852,0.06540312923014312,-0.9978589232386035,0.43388373911755823,-0.900968867902419,1
2025-12-18 07:00:00+00:00,46.92499999999999,71.19166666666665,26.69833339055379,28.365500005086258,3492.2778320312505,2025-12-18T12:45:00+05:45,12.75,3,1.5171372757947077,-0.19509032201612792,-0.9807852804032305,0.43388373911755823,-0.900968867902419,0
2025-12-18 08:00:00+00:00,36.29727263017134,55.17290899103339,26.851818119395865,27.581272645430133,2670.14491965554,2025-12-18T13:45:00+05:45,13.75,3,1.5200290543364978,-0.44228869021900147,-0.8968727415326883,0.43388373911755823,-0.900968867902419,0
2025-12-18 09:00:00+00:00,34.10941672325135,52.00870850880941,28.219666663805643,25.96370831330617,2444.3827453613285,2025-12-18T14:45:00+05:45,14.75,3,1.5247610045866502,-0.6593458151000688,-0.7518398074789774,0.43388373911755823,-0.900968867902419,0
2025-12-18 10:00:00+00:00,21.594666671752933,31.76383333206177,29.069666671752927,24.60383335749308,1187.2860005696614,2025-12-18T15:45:00+05:45,15.75,3,1.4709110270088444,-0.8314696123025452,-0.5555702330196022,0.43388373911755823,-0.900968867902419,0
2025-12-18 11:00:00+00:00,23.140125012397764,35.70304152170817,30.37587486108144,23.910958218574525,1330.4458755493165,2025-12-18T16:45:00+05:45,16.75,3,1.5429061641879456,-0.9469301294951056,-0.3214394653031618,0.43388373911755823,-0.900968867902419,0
2025-12-18 12:00:00+00:00,26.942166709899897,40.025,33.054166412353524,22.454500039418537,1665.5806701660158,2025-12-18T17:45:00+05:45,17.75,3,1.4855895010586813,-0.9978589232386035,-0.06540312923014273,0.43388373911755823,-0.900968867902419,0
2025-12-18 13:00:00+00:00,50.08899993896485,75.79983342488606,34.86650015513102,21.433833217620847,3733.8496744791664,2025-12-18T18:45:00+05:45,18.75,3,1.5133029910209974,-0.9807852804032304,0.1950903220161283,0.43388373911755823,-0.900968867902419,0
2025-12-18 14:00:00+00:00,78.36399993896485,121.22766672770182,36.73683331807455,20.528166739145917,5776.422330729166,2025-12-18T19:45:00+05:45,19.75,3,1.5469816091843458,-0.8968727415326884,0.442288690219001,0.43388373911755823,-0.900968867902419,1
2025-12-18 15:00:00+00:00,109.21416651407876,171.12283299764,41.29783350626628,19.60816650390625,7940.314160156249,2025-12-18T20:45:00+05:45,20.75,3,1.5668556420799185,-0.7518398074789772,0.6593458151000691,0.43388373911755823,-0.900968867902419,1
2025-12-18 16:00:00+00:00,113.65833333333332,177.25333302815753,42.95016638437907,18.81650012334188,8255.266341145832,2025-12-18T21:45:00+05:45,21.75,3,1.5595278219355455,-0.555570233019603,0.8314696123025447,0.43388373911755823,-0.900968867902419,1
2025-12-18 17:00:00+00:00,80.57233327229817,123.1336664835612,43.69500007629395,18.20000003178914,5877.785514322916,2025-12-18T22:45:00+05:45,22.75,3,1.5282375659573482,-0.32143946530316186,0.9469301294951056,0.43388373911755823,-0.900968867902419,1
2025-12-18 18:00:00+00:00,78.05250015258788,120.31933339436851,44.715999921162926,17.65599994659424,5715.688020833332,2025-12-18T23:45:00+05:45,23.75,3,1.541517993134769,-0.0654031292301428,0.9978589232386035,0.43388373911755823,-0.900968867902419,1
2025-12-18 19:00:00+00:00,75.37483342488606,114.8076670328776,45.53616676330566,17.081166744232174,5496.924837239584,2025-12-19T00:45:00+05:45,0.75,4,1.523156494233422,0.19509032201612825,0.9807852804032304,-0.433883739117558,-0.9009688679024191,1
2025-12-18 20:00:00+00:00,71.7826670328776,109.19483311971028,45.793500073750806,16.707333310445147,5264.899674479167,2025-12-19T01:45:00+05:45,1.75,4,1.5211866267061005,0.44228869021900125,0.8968727415326884,-0.433883739117558,-0.9009688679024191,1
2025-12-18 21:00:00+00:00,69.26100006103516,108.36666666666667,46.04433345794678,16.223833465576174,5065.56884765625,2025-12-19T02:45:00+05:45,2.75,4,1.564613080538402,0.6593458151000688,0.7518398074789774,-0.433883739117558,-0.9009688679024191,1
2025-12-18 22:00:00+00:00,54.94666697184245,83.32200012207032,46.34650001525878,15.99183327356974,4009.60234375,2025-12-19T03:45:00+05:45,3.75,4,1.5164159122657774,0.8314696123025451,0.5555702330196024,-0.433883739117558,-0.9009688679024191,1
2025-12-18 23:00:00+00:00,58.84416681925456,91.37249984741212,46.59133326212566,15.67266672452291,4254.722005208333,2025-12-19T04:45:00+05:45,4.75,4,1.552787723685024,0.9469301294951056,0.3214394653031617,-0.433883739117558,-0.9009688679024191,1
2025-12-19 00:00:00+00:00,58.67033284505208,95.38666636149088,47.03633314768473,15.411333227157591,4254.183821614583,2025-12-19T05:45:00+05:45,5.75,4,1.6258074862708956,0.9978589232386035,0.06540312923014327,-0.433883739117558,-0.9009688679024191,1
2025-12-19 01:00:00+00:00,58.99216639200847,88.95266672770181,47.06066646575928,15.23316677411397,4243.555338541667,2025-12-19T06:45:00+05:45,6.75,4,1.5078725222024059,0.9807852804032304,-0.1950903220161282,-0.433883739117558,-0.9009688679024191,1
2025-12-19 02:00:00+00:00,100.17665288713243,159.51015215979683,47.39377767774794,15.326916809876758,7159.71901312934,2025-12-19T07:45:00+05:45,7.75,4,1.5922886976421,0.8968727415326884,-0.44228869021900113,-0.433883739117558,-0.9009688679024191,1
2025-12-19 03:00:00+00:00,109.65833333333332,169.06949996948242,42.868833287556974,18.287499872843423,7947.1193359375,2025-12-19T08:45:00+05:45,8.75,4,1.5417843298379734,0.7518398074789774,-0.6593458151000688,-0.433883739117558,-0.9009688679024191,1
2025-12-19 04:00:00+00:00,73.80266672770183,111.28899993896484,36.300333468119305,22.009833399454752,5385.175162760416,2025-12-19T09:45:00+05:45,9.75,4,1.507926540778946,0.5555702330196025,-0.831469612302545,-0.433883739117558,-0.9009688679024191,1
2025-12-19 05:00:00+00:00,61.47150039672852,93.55266672770182,32.0566665649414,24.99716676076253,4486.133821614583,2025-12-19T10:45:00+05:45,10.75,4,1.521886827618098,0.32143946530316175,-0.9469301294951056,-0.433883739117558,-0.9009688679024191,1
2025-12-19 06:00:00+00:00,68.31116663614908,104.21100006103516,27.850499979654952,28.1923334757487,4984.5805013020845,2025-12-19T11:45:00+05:45,11.75,4,1.5255338942767889,0.06540312923014312,-0.9978589232386035,-0.433883739117558,-0.9009688679024191,0
2025-12-19 07:00:00+00:00,48.51949996948242,74.45,26.459833335876468,28.545500055948896,3573.192317708333,2025-12-19T12:45:00+05:45,12.75,4,1.5344346097306698,-0.19509032201612792,-0.9807852804032305,-0.433883739117558,-0.9009688679024191,0
2025-12-19 08:00:00+00:00,18.191833305358887,28.719166755676262,24.974833361307777,27.41883335113525,1176.3226674397786,2025-12-19T13:45:00+05:45,13.75,4,1.5786845819006197,-0.44228869021900147,-0.8968727415326883,-0.433883739117558,-0.9009688679024191,0
2025-12-19 09:00:00+00:00,8.250874988238019,17.55629166762034,25.838666685422258,25.204374996821088,672.9760403951008,2025-12-19T14:45:00+05:45,14.75,4,2.1278096799003254,-0.6593458151000688,-0.7518398074789774,-0.433883739117558,-0.9009688679024191,0
2025-12-19 10:00:00+00:00,17.7306666692098,26.877666664123534,29.738833395640054,23.95233332316081,956.5198343912758,2025-12-19T15:45:00+05:45,15.75,4,1.5158858471350072,-0.8314696123025452,-0.5555702330196022,-0.433883739117558,-0.9009688679024191,0
2025-12-19 11:00:00+00:00,21.197333335876465,31.42833312352499,32.47050008773804,23.275500106811524,1142.1389994303383,2025-12-19T16:45:00+05:45,16.75,4,1.4826550408740597,-0.9469301294951056,-0.3214394653031618,-0.433883739117558,-0.9009688679024191,0
2025-12-19 12:00:00+00:00,24.41666666666667,36.461666425069176,36.99100011189778,21.600333372751876,1454.421990966797,2025-12-19T17:45:00+05:45,17.75,4,1.49331057031,-0.9978589232386035,-0.06540312923014273,-0.433883739117558,-0.9009688679024191,0
2025-12-19 13:00:00+00:00,41.45550006230672,63.535666910807294,40.67450002034506,20.78699998855591,3029.777669270833,2025-12-19T18:45:00+05:45,18.75,4,1.5326233386478165,-0.9807852804032304,0.1950903220161283,-0.433883739117558,-0.9009688679024191,0
2025-12-19 14:00:00+00:00,62.23583348592123,97.29199981689452,43.344333521525066,20.296333249409997,4606.752994791667,2025-12-19T19:45:00+05:45,19.75,4,1.5632794544143698,-0.8968727415326884,0.442288690219001,-0.433883739117558,-0.9009688679024191,1
2025-12-19 15:00:00+00:00,90.51133321126302,141.2825004577637,43.84683335622152,19.507499980926514,6619.180013020832,2025-12-19T20:45:00+05:45,20.75,4,1.5609371273760313,-0.7518398074789772,0.6593458151000691,-0.433883739117558,-0.9009688679024191,1
2025-12-19 16:00:00+00:00,68.67398590511746,104.52458318074544,42.93218063778347,18.65327779716916,5035.5106825086805,2025-12-19T21:45:00+05:45,21.75,4,1.5220404320955025,-0.555570233019603,0.8314696123025447,-0.433883739117558,-0.9009688679024191,1
2025-12-19 17:00:00+00:00,67.80233357747396,103.22783330281574,45.00716660817465,18.099666531880697,4974.46083984375,2025-12-19T22:45:00+05:45,22.75,4,1.5224820128773744,-0.32143946530316186,0.9469301294951056,-0.433883739117558,-0.9009688679024191,1
2025-12-19 18:00:00+00:00,61.411000061035146,94.09700012207033,45.78116664886475,17.566666571299233,4543.10283203125,2025-12-19T23:45:00+05:45,23.75,4,1.5322499231171813,-0.0654031292301428,0.9978589232386035,-0.433883739117558,-0.9009688679024191,1
2025-12-19 19:00:00+00:00,57.56900024414063,88.48833363850912,46.351833470662434,17.05283339818319,4260.510839843751,2025-12-20T00:45:00+05:45,0.75,5,1.5370830353705065,0.19509032201612825,0.9807852804032304,-0.9749279121818236,-0.2225209339563146,1
2025-12-19 20:00:00+00:00,52.64449996948243,80.81966654459636,46.81783332824707,16.708500194549558,3883.11650390625,2025-12-20T01:45:00+05:45,1.75,5,1.5351967744293673,0.44228869021900125,0.8968727415326884,-0.9749279121818236,-0.2225209339563146,1
2025-12-19 21:00:00+00:00,57.36933339436849,90.225,47.231666564941406,16.316166718800865,4215.614322916666,2025-12-20T02:45:00+05:45,2.75,5,1.5727043467591815,0.6593458151000688,0.7518398074789774,-0.9749279121818236,-0.2225209339563146,1
2025-12-19 22:00:00+00:00,50.60483373006185,77.61416651407878,47.35966663360595,15.971166658401488,3700.685514322917,2025-12-20T03:45:00+05:45,3.75,5,1.5337302939891295,0.8314696123025451,0.5555702330196024,-0.9749279121818236,-0.2225209339563146,1
2025-12-19 23:00:00+00:00,50.08945802052815,76.95862483978271,47.6099581082662,15.71433340708415,3639.617537434896,2025-12-20T04:45:00+05:45,4.75,5,1.5364235885371884,0.9469301294951056,0.3214394653031617,-0.9749279121818236,-0.2225209339563146,1
2025-12-20 00:00:00+00:00,45.163666788736975,69.43333333333335,48.02733345031739,15.40000007947286,3268.533658854167,2025-12-20T05:45:00+05:45,5.75,5,1.537371481773681,0.9978589232386035,0.06540312923014327,-0.9749279121818236,-0.2225209339563146,1
2025-12-20 01:00:00+00:00,62.41933339436849,96.18866678873697,47.9558333714803,15.209499820073448,4477.475325520834,2025-12-20T06:45:00+05:45,6.75,5,1.5410075942498798,0.9807852804032304,-0.1950903220161282,-0.9749279121818236,-0.2225209339563146,1
2025-12-20 02:00:00+00:00,115.42216669718424,183.1691668192545,47.96983324686686,15.460499874750772,8213.072819010416,2025-12-20T07:45:00+05:45,7.75,5,1.5869496480672372,0.8968727415326884,-0.44228869021900113,-0.9749279121818236,-0.2225209339563146,1
2025-12-20 03:00:00+00:00,104.36699981689452,163.80049947102862,44.210166740417485,18.17366663614909,7630.602669270832,2025-12-20T08:45:00+05:45,8.75,5,1.5694663999004141,0.7518398074789774,-0.6593458151000688,-0.9749279121818236,-0.2225209339563146,1
2025-12-20 04:00:00+00:00,85.36433308919271,144.44449996948245,38.2579999923706,21.84216658274332,6374.461165364583,2025-12-20T09:45:00+05:45,9.75,5,1.6920942827323442,0.5555702330196025,-0.831469612302545,-0.9749279121818236,-0.2225209339563146,1
2025-12-20 05:00:00+00:00,48.11149978637695,73.44383366902669,32.788499959309895,25.45016657511393,3546.586328125,2025-12-20T10:45:00+05:45,10.75,5,1.5265338639437454,0.32143946530316175,-0.9469301294951056,-0.9749279121818236,-0.2225209339563146,0
2025-12-20 06:00:00+00:00,33.36100015640259,50.280999755859376,28.057833353678387,28.597499910990397,2382.236826578776,2025-12-20T11:45:00+05:45,11.75,5,1.5071790270115606,0.06540312923014312,-0.9978589232386035,-0.9749279121818236,-0.2225209339563146,0
2025-12-20 07:00:00+00:00,23.691333325703937,34.94466641743978,27.481333446502685,27.449333508809413,1346.97200012207,2025-12-20T12:45:00+05:45,12.75,5,1.474997879478844,-0.19509032201612792,-0.9807852804032305,-0.9749279121818236,-0.2225209339563146,0
2025-12-20 08:00:00+00:00,23.591499996185306,34.92150033315022,30.71700007120769,24.716166623433438,1352.5723337809245,2025-12-20T13:45:00+05:45,13.75,5,1.4802577343024799,-0.44228869021900147,-0.8968727415326883,-0.9749279121818236,-0.2225209339563146,0
2025-12-20 09:00:00+00:00,24.633333333333336,36.75,31.834000078837075,23.72149991989136,1433.5304992675783,2025-12-20T14:45:00+05:45,14.75,5,1.4918809201623815,-0.6593458151000688,-0.7518398074789774,-0.9749279121818236,-0.2225209339563146,0
2025-12-20 10:00:00+00:00,27.958500003814702,42.533999633789065,32.584166558583576,24.16400000254313,1793.9523295084634,2025-12-20T15:45:00+05:45,15.75,5,1.5213262381023895,-0.8314696123025452,-0.5555702330196022,-0.9749279121818236,-0.2225209339563146,0
2025-12-20 11:00:00+00:00,25.64294445249769,39.09877743191189,33.86205560896132,22.94155570136176,1548.2052741156683,2025-12-20T16:45:00+05:45,16.75,5,1.5247382181223563,-0.9469301294951056,-0.3214394653031618,-0.9749279121818236,-0.2225209339563146,0
2025-12-20 12:00:00+00:00,27.175,41.26416651407877,37.47383308410645,21.42033325831095,1697.369671630859,2025-12-20T17:45:00+05:45,17.75,5,1.5184605892945269,-0.9978589232386035,-0.06540312923014273,-0.9749279121818236,-0.2225209339563146,0
2025-12-20 13:00:00+00:00,31.82499984105428,48.30550003051757,40.41250012715658,20.725,2226.911171468099,2025-12-20T18:45:00+05:45,18.75,5,1.5178476126244447,-0.9807852804032304,0.1950903220161283,-0.9749279121818236,-0.2225209339563146,0
2025-12-20 14:00:00+00:00,61.68583345413208,94.47200012207033,41.57949994405112,20.20716667175293,4576.1669921875,2025-12-20T19:45:00+05:45,19.75,5,1.5315023698645032,-0.8968727415326884,0.442288690219001,-0.9749279121818236,-0.2225209339563146,1
2025-12-20 15:00:00+00:00,81.88033345540364,127.08333333333331,43.13283322652182,19.36450001398722,5994.146842447917,2025-12-20T20:45:00+05:45,20.75,5,1.552061746335579,-0.7518398074789772,0.6593458151000691,-0.9749279121818236,-0.2225209339563146,1
2025-12-20 16:00:00+00:00,74.24216639200846,115.59466654459636,44.731833267211904,18.510833390553795,5458.775162760417,2025-12-20T21:45:00+05:45,21.75,5,1.5569947936896296,-0.555570233019603,0.8314696123025447,-0.9749279121818236,-0.2225209339563146,1
2025-12-20 17:00:00+00:00,69.68283360799153,108.47533315022784,45.7648333867391,17.99766667683919,5124.90048828125,2025-12-20T22:45:00+05:45,22.75,5,1.5567009481914555,-0.32143946530316186,0.9469301294951056,-0.9749279121818236,-0.2225209339563146,1
2025-12-20 18:00:00+00:00,84.00533345540366,132.88066660563155,46.48216673533123,17.649333318074543,6149.730664062499,2025-12-20T23:45:00+05:45,23.75,5,1.5818122628627453,-0.0654031292301428,0.9978589232386035,-0.9749279121818236,-0.2225209339563146,1
2025-12-20 19:00:00+00:00,90.68758328755696,142.98391672770182,46.92324997584026,17.209708237648012,6631.041870117188,2025-12-21T00:45:00+05:45,0.75,6,1.576664759874799,0.19509032201612825,0.9807852804032304,-0.7818314824680299,0.6234898018587334,1
2025-12-20 20:00:00+00:00,71.78316675821941,112.13916651407878,47.3663335164388,16.825666745503742,5291.086165364583,2025-12-21T01:45:00+05:45,1.75,6,1.5621930820046814,0.44228869021900125,0.8968727415326884,-0.7818314824680299,0.6234898018587334,1
2025-12-20 21:00:00+00:00,62.26883328755696,96.69679152170818,47.7400002638499,16.410124762852988,4568.777083333333,2025-12-21T02:45:00+05:45,2.75,6,1.5528922964585379,0.6593458151000688,0.7518398074789774,-0.7818314824680299,0.6234898018587334,1
2025-12-20 22:00:00+00:00,59.87166697184245,91.99483311971028,47.92249984741212,16.14933354059855,4355.483658854167,2025-12-21T03:45:00+05:45,3.75,6,1.5365336856743157,0.8314696123025451,0.5555702330196024,-0.7818314824680299,0.6234898018587334,1
2025-12-20 23:00:00+00:00,43.55266672770183,68.18050003051758,47.9880001703898,15.895833317438765,3197.702180989583,2025-12-21T04:45:00+05:45,4.75,6,1.5654724533125115,0.9469301294951056,0.3214394653031617,-0.7818314824680299,0.6234898018587334,1
2025-12-21 00:00:00+00:00,48.169499969482416,74.09116694132486,48.18783321380616,15.660166756312051,3517.811328125,2025-12-21T05:45:00+05:45,5.75,6,1.5381344416750227,0.9978589232386035,0.06540312923014327,-0.7818314824680299,0.6234898018587334,1
2025-12-21 01:00:00+00:00,59.25033315022785,90.11083348592122,48.128666750590014,15.493499978383385,4259.17216796875,2025-12-21T06:45:00+05:45,6.75,6,1.5208493977147315,0.9807852804032304,-0.1950903220161282,-0.7818314824680299,0.6234898018587334,1
2025-12-21 02:00:00+00:00,73.4163335164388,113.19449996948242,48.43200003306071,15.533833233515423,5280.861165364583,2025-12-21T07:45:00+05:45,7.75,6,1.541816303644976,0.8968727415326884,-0.44228869021900113,-0.7818314824680299,0.6234898018587334,1
2025-12-21 03:00:00+00:00,102.14733327229816,157.5163335164388,44.97300001780192,18.084833335876464,7467.261165364584,2025-12-21T08:45:00+05:45,8.75,6,1.5420503743993133,0.7518398074789774,-0.6593458151000688,-0.7818314824680299,0.6234898018587334,1
2025-12-21 04:00:00+00:00,77.75866648356119,120.0058331807454,39.33616638183594,21.54750006993612,5662.452994791667,2025-12-21T09:45:00+05:45,9.75,6,1.5433113581765912,0.5555702330196025,-0.831469612302545,-0.7818314824680299,0.6234898018587334,1
2025-12-21 05:00:00+00:00,61.609999847412105,95.63986095852322,34.990972174538506,24.43819449477726,4554.4763671875,2025-12-21T10:45:00+05:45,10.75,6,1.5523431455184546,0.32143946530316175,-0.9469301294951056,-0.7818314824680299,0.6234898018587334,1
2025-12-21 06:00:00+00:00,66.92037525177001,104.77920843760172,29.805097360081145,28.617999998728436,4917.927435980903,2025-12-21T11:45:00+05:45,11.75,6,1.5657295411658703,0.06540312923014312,-0.9978589232386035,-0.7818314824680299,0.6234898018587334,0
2025-12-21 07:00:00+00:00,58.44741668701172,92.36623647477892,28.514083268907328,28.570041680335997,4351.254050021701,2025-12-21T12:45:00+05:45,12.75,6,1.5803305211828924,-0.19509032201612792,-0.9807852804032305,-0.7818314824680299,0.6234898018587334,0
2025-12-21 08:00:00+00:00,42.60283330281575,67.35316645304361,29.76799996693929,27.185166740417475,3152.013834635416,2025-12-21T13:45:00+05:45,13.75,6,1.58095509691352,-0.44228869021900147,-0.8968727415326883,-0.7818314824680299,0.6234898018587334,0
2025-12-21 09:00:00+00:00,29.91383323669433,46.035666910807294,31.769333203633625,25.629666614532468,1999.688663736979,2025-12-21T14:45:00+05:45,14.75,6,1.538942419934896,-0.6593458151000688,-0.7518398074789774,-0.7818314824680299,0.6234898018587334,0
2025-12-21 10:00:00+00:00,25.966666666666665,39.72516657511394,33.89966697692871,24.20783341725667,1576.5528340657554,2025-12-21T15:45:00+05:45,15.75,6,1.529852371313759,-0.8314696123025452,-0.5555702330196022,-0.7818314824680299,0.6234898018587334,0
2025-12-21 11:00:00+00:00,26.371999994913736,40.60616633097331,34.612333361307776,23.23816661834717,1608.905163574219,2025-12-21T16:45:00+05:45,16.75,6,1.5397454246475375,-0.9469301294951056,-0.3214394653031618,-0.7818314824680299,0.6234898018587334,0
2025-12-21 12:00:00+00:00,49.802000331878666,80.79683354695639,36.284166717529295,22.32200002670288,3600.2443277994794,2025-12-21T17:45:00+05:45,17.75,6,1.6223612105644214,-0.9978589232386035,-0.06540312923014273,-0.7818314824680299,0.6234898018587334,0
2025-12-21 13:00:00+00:00,62.19166666666667,100.435999806722,38.76083348592123,21.40650002161662,4613.531152343749,2025-12-21T18:45:00+05:45,18.75,6,1.6149430492840198,-0.9807852804032304,0.1950903220161283,-0.7818314824680299,0.6234898018587334,1
2025-12-21 14:00:00+00:00,61.22533315022786,94.26933339436847,40.24016672770183,20.899166552225747,4537.344173177084,2025-12-21T19:45:00+05:45,19.75,6,1.539711236246946,-0.8968727415326884,0.442288690219001,-0.7818314824680299,0.6234898018587334,1
2025-12-21 15:00:00+00:00,83.62249984741212,135.52816619873047,41.32299989064534,20.415166886647544,6119.561490885418,2025-12-21T20:45:00+05:45,20.75,6,1.6207141193582089,-0.7518398074789772,0.6593458151000691,-0.7818314824680299,0.6234898018587334,1
2025-12-21 16:00:00+00:00,70.7953332265218,110.5128755569458,42.91537524859111,19.841666730244956,5209.521622721354,2025-12-21T21:45:00+05:45,21.75,6,1.5610192158195075,-0.555570233019603,0.8314696123025447,-0.7818314824680299,0.6234898018587334,1
2025-12-21 17:00:00+00:00,80.02200012207031,126.1718335469564,45.13133341471354,19.33166675567627,5881.144498697918,2025-12-21T22:45:00+05:45,22.75,6,1.5767143204929444,-0.32143946530316186,0.9469301294951056,-0.7818314824680299,0.6234898018587334,1
2025-12-21 18:00:00+00:00,106.6490005493164,179.45616633097333,46.19283339182536,18.8288335164388,7806.586328124999,2025-12-21T23:45:00+05:45,23.75,6,1.6826802446028513,-0.0654031292301428,0.9978589232386035,-0.7818314824680299,0.6234898018587334,1
2025-12-21 19:00:00+00:00,84.31133321126302,136.9279998779297,46.73733348846434,18.38633327484131,6201.382682291667,2025-12-22T00:45:00+05:45,0.75,0,1.6240758467764058,0.19509032201612825,0.9807852804032304,0.0,1.0,1
2025-12-21 20:00:00+00:00,73.94249954223632,116.06133321126303,47.74149964650473,17.800666840871177,5403.324837239584,2025-12-22T01:45:00+05:45,1.75,0,1.5696160385404367,0.44228869021900125,0.8968727415326884,0.0,1.0,1
2025-12-21 21:00:00+00:00,54.76983311971028,86.30783360799154,48.250000381469725,17.383666642506917,4039.875162760417,2025-12-22T02:45:00+05:45,2.75,0,1.575827945638409,0.6593458151000688,0.7518398074789774,0.0,1.0,1
2025-12-21 22:00:00+00:00,54.85341669718424,86.21245835622152,48.34537491798401,17.05095844268799,4055.73125,2025-12-22T03:45:00+05:45,3.75,0,1.5716880286993502,0.8314696123025451,0.5555702330196024,0.0,1.0,1
2025-12-21 23:00:00+00:00,53.719999694824224,84.48349990844727,48.33533325195312,16.83299986521403,3983.389322916666,2025-12-22T04:45:00+05:45,4.75,0,1.5726638195902116,0.9469301294951056,0.3214394653031617,0.0,1.0,1
2025-12-22 00:00:00+00:00,53.650166575113936,85.1561663309733,48.655333518981934,16.481166744232176,3950.3190104166665,2025-12-22T05:45:00+05:45,5.75,0,1.5872488711055313,0.9978589232386035,0.06540312923014327,0.0,1.0,1
2025-12-22 01:00:00+00:00,62.75866648356121,97.63099975585936,48.762166531880695,16.254499848683675,4605.132845052083,2025-12-22T06:45:00+05:45,6.75,0,1.5556576521815118,0.9807852804032304,-0.1950903220161282,0.0,1.0,1
2025-12-22 02:00:00+00:00,82.74716669718424,130.43399963378903,48.87116667429606,16.21866671244303,6047.697330729167,2025-12-22T07:45:00+05:45,7.75,0,1.5762956586914474,0.8968727415326884,-0.44228869021900113,0.0,1.0,1
2025-12-22 03:00:00+00:00,91.52533315022788,143.41749954223633,45.44650001525879,18.83400001525879,6678.263997395833,2025-12-22T08:45:00+05:45,8.75,0,1.5669705272400776,0.7518398074789774,-0.6593458151000688,0.0,1.0,1
2025-12-22 04:00:00+00:00,85.81366678873697,136.7920000712077,39.93650010426839,21.767000039418537,6251.408333333334,2025-12-22T09:45:00+05:45,9.75,0,1.5940584430213582,0.5555702330196025,-0.831469612302545,0.0,1.0,1
2025-12-22 05:00:00+00:00,70.71848600175646,111.9938609229194,36.41388892067804,23.993222183651397,5201.323152669272,2025-12-22T10:45:00+05:45,10.75,0,1.5836575025112636,0.32143946530316175,-0.9469301294951056,0.0,1.0,1
2025-12-22 06:00:00+00:00,67.88899993896484,106.44433339436848,32.56450001398722,26.56849997838337,4981.833333333333,2025-12-22T11:45:00+05:45,11.75,0,1.5679172397599987,0.06540312923014312,-0.9978589232386035,0.0,1.0,1
2025-12-22 07:00:00+00:00,51.64779173533122,82.5578332265218,29.76966655254364,27.798333509763083,3848.980704752604,2025-12-22T12:45:00+05:45,12.75,0,1.5984775041223231,-0.19509032201612792,-0.9807852804032305,0.0,1.0,0
2025-12-22 08:00:00+00:00,27.74900013605753,42.94116678237915,28.42783330281576,26.76250012715657,1779.7086598714193,2025-12-22T13:45:00+05:45,13.75,0,1.547485191244086,-0.44228869021900147,-0.8968727415326883,0.0,1.0,0
2025-12-22 09:00:00+00:00,21.15651390022702,31.41220819950104,29.823625010914277,25.25595830281576,1118.5282836066351,2025-12-22T14:45:00+05:45,14.75,0,1.4847535065388997,-0.6593458151000688,-0.7518398074789774,0.0,1.0,0
2025-12-22 10:00:00+00:00,22.160500007205545,33.10422228707207,32.1829999393887,24.092110972934297,1216.523347981771,2025-12-22T15:45:00+05:45,15.75,0,1.4938391406470135,-0.8314696123025452,-0.5555702330196022,0.0,1.0,0
2025-12-22 11:00:00+00:00,23.18083333969116,36.0336664835612,32.79149977366129,23.67116683324178,1333.7590087890624,2025-12-22T16:45:00+05:45,16.75,0,1.554459494856162,-0.9469301294951056,-0.3214394653031618,0.0,1.0,0
2025-12-22 12:00:00+00:00,24.597166665395104,37.71666666666666,34.77633310953776,22.01333332061768,1469.9088419596355,2025-12-22T17:45:00+05:45,17.75,0,1.5333744402248135,-0.9978589232386035,-0.06540312923014273,0.0,1.0,0
2025-12-22 13:00:00+00:00,41.3478330930074,62.50550003051759,36.376166534423824,21.00366668701172,3007.4944946289065,2025-12-22T18:45:00+05:45,18.75,0,1.5116995342880084,-0.9807852804032304,0.1950903220161283,0.0,1.0,0
2025-12-22 14:00:00+00:00,58.1923329671224,88.4861666361491,36.47949981689454,20.51316665013632,4303.484472656251,2025-12-22T19:45:00+05:45,19.75,0,1.5205811852592706,-0.8968727415326884,0.442288690219001,0.0,1.0,1
2025-12-22 15:00:00+00:00,90.76450017293296,140.9881110297309,41.00355574289958,19.37811116112603,6657.946842447916,2025-12-22T20:45:00+05:45,20.75,0,1.5533398053325613,-0.7518398074789772,0.6593458151000691,0.0,1.0,1
2025-12-22 16:00:00+00:00,65.58616663614909,101.0806666056315,42.20133317311605,18.78099994659424,4858.502832031249,2025-12-22T21:45:00+05:45,21.75,0,1.5411888175504214,-0.555570233019603,0.8314696123025447,0.0,1.0,1
2025-12-22 17:00:00+00:00,75.25550003051758,117.18933308919271,43.8900000890096,18.242333316802977,5528.274348958333,2025-12-22T22:45:00+05:45,22.75,0,1.5572195127488375,-0.32143946530316186,0.9469301294951056,0.0,1.0,1
2025-12-22 18:00:00+00:00,67.89816614786783,105.62249984741209,44.75866654713949,17.756999969482422,4993.616178385416,2025-12-22T23:45:00+05:45,23.75,0,1.5556016581860053,-0.0654031292301428,0.9978589232386035,0.0,1.0,1
2025-12-22 19:00:00+00:00,54.40833333333334,83.03600006103515,45.6328332901001,17.153500111897788,4014.86318359375,2025-12-23T00:45:00+05:45,0.75,1,1.5261632726794636,0.19509032201612825,0.9807852804032304,0.7818314824680298,0.6234898018587336,1
2025-12-22 20:00:00+00:00,44.041500091552734,67.23033345540365,45.741166877746586,16.790833250681562,3274.0330078125003,2025-12-23T01:45:00+05:45,1.75,1,1.5265223327008925,0.44228869021900125,0.8968727415326884,0.7818314824680298,0.6234898018587336,1
2025-12-22 21:00:00+00:00,40.42483342488607,61.62483342488607,46.33550008138021,16.272499847412107,2996.9221679687503,2025-12-23T02:45:00+05:45,2.75,1,1.5244301139642793,0.6593458151000688,0.7518398074789774,0.7818314824680298,0.6234898018587336,1
2025-12-22 22:00:00+00:00,40.55880542331272,62.24833335876465,46.57056923442416,15.912916676203409,2989.3575113932293,2025-12-23T03:45:00+05:45,3.75,1,1.5347674249544105,0.8314696123025451,0.5555702330196024,0.7818314824680298,0.6234898018587336,1
2025-12-22 23:00:00+00:00,36.82766672770183,56.83899993896484,46.77700010935465,15.65016673405965,2706.7331705729166,2025-12-23T04:45:00+05:45,4.75,1,1.5433777100032908,0.9469301294951056,0.3214394653031617,0.7818314824680298,0.6234898018587336,1
2025-12-23 00:00:00+00:00,34.019666576385504,51.86399993896484,47.14833342234294,15.34799984296163,2392.386165364583,2025-12-23T05:45:00+05:45,5.75,1,1.524529931018367,0.9978589232386035,0.06540312923014327,0.7818314824680298,0.6234898018587336,1
2025-12-23 01:00:00+00:00,36.3558331489563,54.46966654459635,47.04816672007243,15.147333399454752,2595.6751627604167,2025-12-23T06:45:00+05:45,6.75,1,1.4982373343343407,0.9807852804032304,-0.1950903220161282,0.7818314824680298,0.6234898018587336,1
2025-12-23 02:00:00+00:00,63.52166697184246,94.7173329671224,47.12766666412353,15.235500033696493,4549.266503906249,2025-12-23T07:45:00+05:45,7.75,1,1.4911027604031266,0.8968727415326884,-0.44228869021900113,0.7818314824680298,0.6234898018587336,1
2025-12-23 03:00:00+00:00,80.82200012207029,121.14383366902672,42.77183329264324,18.212666702270507,5910.461165364584,2025-12-23T08:45:00+05:45,8.75,1,1.4988967544239928,0.7518398074789774,-0.6593458151000688,0.7818314824680298,0.6234898018587336,1
2025-12-23 04:00:00+00:00,69.16416651407879,103.75583318074546,36.19416662851969,21.77066656748454,5077.261328125001,2025-12-23T09:45:00+05:45,9.75,1,1.5001385603284227,0.5555702330196025,-0.831469612302545,0.7818314824680298,0.6234898018587336,1
2025-12-23 05:00:00+00:00,65.33354155222574,99.2940415064494,32.45362480481466,24.590666659673055,4803.813354492187,2025-12-23T10:45:00+05:45,10.75,1,1.5198019141068086,0.32143946530316175,-0.9469301294951056,0.7818314824680298,0.6234898018587336,1
2025-12-23 06:00:00+00:00,47.6537359661526,73.06199989318849,27.968499930699664,28.218597290250997,3526.963764105903,2025-12-23T11:45:00+05:45,11.75,1,1.5331851409317165,0.06540312923014312,-0.9978589232386035,0.7818314824680298,0.6234898018587336,0
2025-12-23 07:00:00+00:00,40.66362533569336,62.686124992370615,25.88229162693024,28.66666671435038,2936.912502034505,2025-12-23T12:45:00+05:45,12.75,1,1.5415773796574537,-0.19509032201612792,-0.9807852804032305,0.7818314824680298,0.6234898018587336,0
2025-12-23 08:00:00+00:00,40.63000030517578,63.2336664835612,26.51483325958252,27.32966661453247,3005.808658854167,2025-12-23T13:45:00+05:45,13.75,1,1.5563294612012588,-0.44228869021900147,-0.8968727415326883,0.7818314824680298,0.6234898018587336,0
2025-12-23 09:00:00+00:00,46.24116681416829,72.87216644287109,28.90833330154419,25.53966658910116,3389.6139953613274,2025-12-23T14:45:00+05:45,14.75,1,1.5759153901917342,-0.6593458151000688,-0.7518398074789774,0.7818314824680298,0.6234898018587336,0
2025-12-23 10:00:00+00:00,26.4198333422343,39.97566630045573,31.709833335876464,24.703333314259847,1617.9306681315104,2025-12-23T15:45:00+05:45,15.75,1,1.5130930533369908,-0.8314696123025452,-0.5555702330196022,0.7818314824680298,0.6234898018587336,0
2025-12-23 11:00:00+00:00,23.77483332951864,35.86350021362304,32.75716673533122,23.96049992243449,1368.5535095214846,2025-12-23T16:45:00+05:45,16.75,1,1.5084648424893567,-0.9469301294951056,-0.3214394653031618,0.7818314824680298,0.6234898018587336,0
2025-12-23 12:00:00+00:00,34.69466641743978,51.57566630045574,34.592999903361,22.490833282470703,2483.9024922688805,2025-12-23T17:45:00+05:45,17.75,1,1.4865589332927116,-0.9978589232386035,-0.06540312923014273,0.7818314824680298,0.6234898018587336,0
2025-12-23 13:00:00+00:00,39.622000122070304,58.42983373006184,36.53916683197021,21.15949993133545,2957.1366536458336,2025-12-23T18:45:00+05:45,18.75,1,1.474681579679143,-0.9807852804032304,0.1950903220161283,0.7818314824680298,0.6234898018587336,0
2025-12-23 14:00:00+00:00,57.70299987792968,89.50250015258787,41.72499987284342,20.471666653951008,4269.977994791667,2025-12-23T19:45:00+05:45,19.75,1,1.5510892040609645,-0.8968727415326884,0.442288690219001,0.7818314824680298,0.6234898018587336,1
2025-12-23 15:00:00+00:00,132.013666788737,208.158832804362,43.65133355458577,19.466666793823244,9567.194010416668,2025-12-23T20:45:00+05:45,20.75,1,1.5767975988234686,-0.7518398074789772,0.6593458151000691,0.7818314824680298,0.6234898018587336,1
2025-12-23 16:00:00+00:00,96.4970001220703,150.5448331197103,44.31233342488607,18.622166697184245,7045.364322916666,2025-12-23T21:45:00+05:45,21.75,1,1.560098582642658,-0.555570233019603,0.8314696123025447,0.7818314824680298,0.6234898018587336,1
2025-12-23 17:00:00+00:00,83.9836664835612,131.18349990844726,45.340666707356775,17.86716667811076,6159.900325520833,2025-12-23T22:45:00+05:45,22.75,1,1.5620120602156,-0.32143946530316186,0.9469301294951056,0.7818314824680298,0.6234898018587336,1
2025-12-23 18:00:00+00:00,84.59416681925455,132.9025001525879,45.97716681162516,17.427166684468588,6188.822330729167,2025-12-23T23:45:00+05:45,23.75,1,1.5710598632237824,-0.0654031292301428,0.9978589232386035,0.7818314824680298,0.6234898018587336,1
2025-12-23 19:00:00+00:00,68.98600006103516,105.7805000305176,46.43199971516927,17.000166638692217,5072.95283203125,2025-12-24T00:45:00+05:45,0.75,2,1.5333618406188012,0.19509032201612825,0.9807852804032304,0.9749279121818236,-0.22252093395631434,1
2025-12-23 20:00:00+00:00,61.586166636149095,94.97200012207033,46.86949996948241,16.582000001271563,4521.3806640625,2025-12-24T01:45:00+05:45,1.75,2,1.5420995543230454,0.44228869021900125,0.8968727415326884,0.9749279121818236,-0.22252093395631434,1
2025-12-23 21:00:00+00:00,57.76916681925456,89.88649978637694,46.85333302815755,16.27599999109904,4222.76982421875,2025-12-24T02:45:00+05:45,2.75,2,1.5559597746598905,0.6593458151000688,0.7518398074789774,0.9749279121818236,-0.22252093395631434,1
2025-12-23 22:00:00+00:00,54.36116663614908,85.04666697184244,47.2259998957316,15.868166700998945,3967.916015625,2025-12-24T03:45:00+05:45,3.75,2,1.5644746467837598,0.8314696123025451,0.5555702330196024,0.9749279121818236,-0.22252093395631434,1
2025-12-23 23:00:00+00:00,53.2938336690267,83.80833333333334,47.28066647847493,15.650333484013876,3869.7303385416662,2025-12-24T04:45:00+05:45,4.75,2,1.5725709254435012,0.9469301294951056,0.3214394653031617,0.9749279121818236,-0.22252093395631434,1
2025-12-24 00:00:00+00:00,57.94716669718426,94.34716669718424,47.42933311462403,15.380666542053222,4177.511165364583,2025-12-24T05:45:00+05:45,5.75,2,1.6281584083345477,0.9978589232386035,0.06540312923014327,0.9749279121818236,-0.22252093395631434,1
2025-12-24 01:00:00+00:00,76.53345826466878,122.1472496032715,47.79049995740255,15.10662526289622,5420.260074869791,2025-12-24T06:45:00+05:45,6.75,2,1.5959980428541547,0.9807852804032304,-0.1950903220161282,0.9749279121818236,-0.22252093395631434,1
2025-12-24 02:00:00+00:00,114.30833333333334,178.34933395385744,48.1189998626709,15.33866678873698,8088.905664062501,2025-12-24T07:45:00+05:45,7.75,2,1.5602478730380471,0.8968727415326884,-0.44228869021900113,0.9749279121818236,-0.22252093395631434,1
2025-12-24 03:00:00+00:00,79.72766672770182,123.2805000305176,44.38816655476887,18.27933340072632,5825.688509114584,2025-12-24T08:45:00+05:45,8.75,2,1.546270010027562,0.7518398074789774,-0.6593458151000688,0.9749279121818236,-0.22252093395631434,1
2025-12-24 04:00:00+00:00,60.76187496185303,93.4890832265218,38.19316701889039,21.845083371798196,4478.675040690106,2025-12-24T09:45:00+05:45,9.75,2,1.53861419327852,0.5555702330196025,-0.831469612302545,0.9749279121818236,-0.22252093395631434,1
2025-12-24 05:00:00+00:00,49.494999631245925,75.73050003051758,34.19433364868164,24.065166727701826,3576.007997639974,2025-12-24T10:45:00+05:45,10.75,2,1.5300636548082591,0.32143946530316175,-0.9469301294951056,0.9749279121818236,-0.22252093395631434,0
2025-12-24 06:00:00+00:00,27.630499966939293,42.06716639200847,29.934500058492024,26.740999984741208,1733.5141682942706,2025-12-24T11:45:00+05:45,11.75,2,1.5224902351511218,0.06540312923014312,-0.9978589232386035,0.9749279121818236,-0.22252093395631434,0
2025-12-24 07:00:00+00:00,28.52250000635783,43.72516657511394,30.243500010172525,26.426500129699708,1856.0364990234373,2025-12-24T12:45:00+05:45,12.75,2,1.5330061027387973,-0.19509032201612792,-0.9807852804032305,0.9749279121818236,-0.22252093395631434,0
2025-12-24 08:00:00+00:00,29.55249996185302,45.41166636149088,32.28599996566772,24.66666663487752,1969.6305033365888,2025-12-24T13:45:00+05:45,13.75,2,1.5366438176164183,-0.44228869021900147,-0.8968727415326883,0.9749279121818236,-0.22252093395631434,0
2025-12-24 09:00:00+00:00,28.461499977111817,43.53300018310548,33.37400029500325,23.363499927520756,1815.861163330078,2025-12-24T14:45:00+05:45,14.75,2,1.5295399124471256,-0.6593458151000688,-0.7518398074789774,0.9749279121818236,-0.22252093395631434,0
2025-12-24 10:00:00+00:00,27.089333375295,41.55016657511393,33.297000312805174,23.257000160217284,1693.0003356933594,2025-12-24T15:45:00+05:45,15.75,2,1.5338201940770886,-0.8314696123025452,-0.5555702330196022,0.9749279121818236,-0.22252093395631434,0
2025-12-24 11:00:00+00:00,23.497333335876466,35.666333516438804,34.46266638437907,22.5145001411438,1337.386167399089,2025-12-24T16:45:00+05:45,16.75,2,1.517888562357939,-0.9469301294951056,-0.3214394653031618,0.9749279121818236,-0.22252093395631434,0
2025-12-24 12:00:00+00:00,37.013833395640056,56.52816645304363,37.29783356984457,21.01316665013631,2686.4833292643234,2025-12-24T17:45:00+05:45,17.75,2,1.5272172932972194,-0.9978589232386035,-0.06540312923014273,0.9749279121818236,-0.22252093395631434,0
2025-12-24 13:00:00+00:00,35.31916678746542,53.439499664306645,38.74283326466878,19.867499987284344,2568.1139973958334,2025-12-24T18:45:00+05:45,18.75,2,1.5130453100969536,-0.9807852804032304,0.1950903220161283,0.9749279121818236,-0.22252093395631434,0
2025-12-24 14:00:00+00:00,32.93916651407877,49.78899993896484,39.77366663614908,19.13550008138021,2340.171677652995,2025-12-24T19:45:00+05:45,19.75,2,1.5115440130424722,-0.8968727415326884,0.442288690219001,0.9749279121818236,-0.22252093395631434,0
2025-12-24 15:00:00+00:00,51.42704172134399,77.83529173533121,40.65870846112569,18.80695811112722,3761.519799804688,2025-12-24T20:45:00+05:45,20.75,2,1.513509024242141,-0.7518398074789772,0.6593458151000691,0.9749279121818236,-0.22252093395631434,1
2025-12-24 16:00:00+00:00,82.29166666666667,125.51050033569337,42.91916643778483,18.185833517710368,6019.1330078125,2025-12-24T21:45:00+05:45,21.75,2,1.525190890155261,-0.555570233019603,0.8314696123025447,0.9749279121818236,-0.22252093395631434,1
2025-12-24 17:00:00+00:00,77.93683293660482,120.37200012207028,44.25649979909261,17.937499809265137,5690.819498697917,2025-12-24T22:45:00+05:45,22.75,2,1.5444815446886708,-0.32143946530316186,0.9469301294951056,0.9749279121818236,-0.22252093395631434,1
2025-12-24 18:00:00+00:00,59.13949966430664,92.0029998779297,45.14200007120769,17.49399992624919,4339.794498697917,2025-12-24T23:45:00+05:45,23.75,2,1.5556945932949389,-0.0654031292301428,0.9978589232386035,0.9749279121818236,-0.22252093395631434,1
2025-12-24 19:00:00+00:00,56.73349990844727,88.61716639200846,46.00916659037272,17.176500415802,4202.888346354167,2025-12-25T00:45:00+05:45,0.75,3,1.5619901210927039,0.19509032201612825,0.9807852804032304,0.43388373911755823,-0.900968867902419,1
2025-12-24 20:00:00+00:00,57.78533376057943,90.93033345540364,46.76399987538656,17.0035000483195,4274.725162760416,2025-12-25T01:45:00+05:45,1.75,3,1.573588444295452,0.44228869021900125,0.8968727415326884,0.43388373911755823,-0.900968867902419,1
2025-12-24 21:00:00+00:00,40.80550006230672,63.56416651407878,46.37550004323324,16.807332897186278,2980.6949910481776,2025-12-25T02:45:00+05:45,2.75,3,1.5577352664964625,0.6593458151000688,0.7518398074789774,0.43388373911755823,-0.900968867902419,1
2025-12-24 22:00:00+00:00,31.50033308664957,48.844833119710295,45.97650012969971,16.89883295694987,2181.8970052083328,2025-12-25T03:45:00+05:45,3.75,3,1.5506132263855854,0.8314696123025451,0.5555702330196024,0.43388373911755823,-0.900968867902419,1
2025-12-24 23:00:00+00:00,34.96350027720134,54.87200012207031,46.389500045776366,16.91049976348877,2575.0830078125,2025-12-25T04:45:00+05:45,4.75,3,1.569408088064075,0.9469301294951056,0.3214394653031617,0.43388373911755823,-0.900968867902419,1
2025-12-25 00:00:00+00:00,39.22266642252604,62.5356669108073,46.90350017547608,16.914666334788002,2944.690852864584,2025-12-25T05:45:00+05:45,5.75,3,1.5943757172738346,0.9978589232386035,0.06540312923014327,0.43388373911755823,-0.900968867902419,1
2025-12-25 01:00:00+00:00,57.9693333943685,91.5254997253418,47.39149996439616,16.793000189463296,4290.541992187499,2025-12-25T06:45:00+05:45,6.75,3,1.5788606555588434,0.9807852804032304,-0.1950903220161282,0.43388373911755823,-0.900968867902419,1
2025-12-25 02:00:00+00:00,63.71350021362306,101.73600006103516,47.34033342997233,17.099833361307777,4703.994661458334,2025-12-25T07:45:00+05:45,7.75,3,1.596773049980422,0.8968727415326884,-0.44228869021900113,0.43388373911755823,-0.900968867902419,1
2025-12-25 03:00:00+00:00,79.1995002746582,127.11900024414064,44.26149972279865,18.919666703542077,5803.177832031249,2025-12-25T08:45:00+05:45,8.75,3,1.6050480091831518,0.7518398074789774,-0.6593458151000688,0.43388373911755823,-0.900968867902419,1
2025-12-25 04:00:00+00:00,49.60033315022786,78.69499969482422,34.97433338165283,23.8693333307902,3691.9249999999993,2025-12-25T09:45:00+05:45,9.75,3,1.5865820791258678,0.5555702330196025,-0.831469612302545,0.43388373911755823,-0.900968867902419,0
2025-12-25 05:00:00+00:00,38.31966648101806,59.46000061035156,30.95750007629395,25.11766665776571,2827.4165079752606,2025-12-25T10:45:00+05:45,10.75,3,1.5516836671792413,0.32143946530316175,-0.9469301294951056,0.43388373911755823,-0.900968867902419,0
2025-12-25 06:00:00+00:00,28.924499988555908,44.81916681925456,27.53566668828328,27.09166669845581,1881.7773315429688,2025-12-25T11:45:00+05:45,11.75,3,1.549522613597035,0.06540312923014312,-0.9978589232386035,0.43388373911755823,-0.900968867902419,0
2025-12-25 07:00:00+00:00,34.87433334986369,52.994499969482426,30.784666665395097,24.29366677602132,2419.51117960612,2025-12-25T12:45:00+05:45,12.75,3,1.5195846021724617,-0.19509032201612792,-0.9807852804032305,0.43388373911755823,-0.900968867902419,0
2025-12-25 08:00:00+00:00,28.438999970753983,44.22766672770183,30.63450012207031,24.46766662597656,1844.6806701660155,2025-12-25T13:45:00+05:45,13.75,3,1.5551765805121331,-0.44228869021900147,-0.8968727415326883,0.43388373911755823,-0.900968867902419,0
2025-12-25 09:00:00+00:00,34.36983302434285,55.42700042724609,33.23716691335043,23.275833193461096,2547.5361633300777,2025-12-25T14:45:00+05:45,14.75,3,1.6126642334278798,-0.6593458151000688,-0.7518398074789774,0.43388373911755823,-0.900968867902419,0
2025-12-25 10:00:00+00:00,31.902666727701817,49.9913335164388,34.73666687011718,22.438333415985117,2241.411328125,2025-12-25T15:45:00+05:45,15.75,3,1.5669954472185292,-0.8314696123025452,-0.5555702330196022,0.43388373911755823,-0.900968867902419,0
2025-12-25 11:00:00+00:00,113.19433393478396,191.24133377075196,35.33600006103515,21.866166687011724,8272.960673014322,2025-12-25T16:45:00+05:45,16.75,3,1.6894956410179875,-0.9469301294951056,-0.3214394653031618,0.43388373911755823,-0.900968867902419,1
2025-12-25 12:00:00+00:00,63.52766672770182,101.70849990844728,37.47483348846436,20.54850002924601,4665.444661458333,2025-12-25T17:45:00+05:45,17.75,3,1.6010111050418345,-0.9978589232386035,-0.06540312923014273,0.43388373911755823,-0.900968867902419,1
2025-12-25 13:00:00+00:00,57.11449966430664,88.7198331197103,38.53066666920979,19.81116663614909,4211.794986979167,2025-12-25T18:45:00+05:45,18.75,3,1.553367947564377,-0.9807852804032304,0.1950903220161283,0.43388373911755823,-0.900968867902419,1
2025-12-25 14:00:00+00:00,46.15250015258789,72.63649978637696,40.98050034840902,19.21733357111613,3438.9473307291664,2025-12-25T19:45:00+05:45,19.75,3,1.5738367270728244,-0.8968727415326884,0.442288690219001,0.43388373911755823,-0.900968867902419,1
2025-12-25 15:00:00+00:00,76.8861666361491,121.53349990844728,42.8883331298828,18.77949988047282,5655.375162760417,2025-12-25T20:45:00+05:45,20.75,3,1.5806939690930906,-0.7518398074789772,0.6593458151000691,0.43388373911755823,-0.900968867902419,1
2025-12-25 16:00:00+00:00,81.44116694132488,128.65899963378908,44.62700010935466,18.07016674677531,5985.727994791666,2025-12-25T21:45:00+05:45,21.75,3,1.5797784396493577,-0.555570233019603,0.8314696123025447,0.43388373911755823,-0.900968867902419,1
2025-12-25 17:00:00+00:00,97.21133321126302,154.37799987792968,45.48183352152507,17.71483335494995,7111.135839843749,2025-12-25T22:45:00+05:45,22.75,3,1.5880658641151448,-0.32143946530316186,0.9469301294951056,0.43388373911755823,-0.900968867902419,1
2025-12-25 18:00:00+00:00,77.10000000000001,122.47233327229816,46.14749997456869,17.17516679763794,5674.533007812501,2025-12-25T23:45:00+05:45,23.75,3,1.5884868128702743,-0.0654031292301428,0.9978589232386035,0.43388373911755823,-0.900968867902419,1
2025-12-25 19:00:00+00:00,72.09749984741211,115.21449966430664,46.50016651153564,16.75050017038981,5329.888671875001,2025-12-26T00:45:00+05:45,0.75,4,1.5980373786628912,0.19509032201612825,0.9807852804032304,-0.433883739117558,-0.9009688679024191,1
2025-12-25 20:00:00+00:00,72.07249984741212,115.28783391316732,46.98649997711181,16.279166412353515,5276.133658854167,2025-12-26T01:45:00+05:45,1.75,4,1.5996092012521876,0.44228869021900125,0.8968727415326884,-0.433883739117558,-0.9009688679024191,1
2025-12-25 21:00:00+00:00,59.60533345540364,95.775,47.089333216349296,16.03083333969116,4361.469661458334,2025-12-26T02:45:00+05:45,2.75,4,1.6068192969956003,0.6593458151000688,0.7518398074789774,-0.433883739117558,-0.9009688679024191,1
2025-12-25 22:00:00+00:00,51.25316645304361,83.06100006103516,47.46483325958252,15.69883335431417,3735.5965169270826,2025-12-26T03:45:00+05:45,3.75,4,1.62060231219339,0.8314696123025451,0.5555702330196024,-0.433883739117558,-0.9009688679024191,1
2025-12-25 23:00:00+00:00,54.461166636149095,89.63349990844726,47.84700005849202,15.34666659037272,3943.197167968749,2025-12-26T04:45:00+05:45,4.75,4,1.6458240879649502,0.9469301294951056,0.3214394653031617,-0.433883739117558,-0.9009688679024191,1
2025-12-26 00:00:00+00:00,58.89987506866456,95.90879141489664,47.457333437601726,15.17766661643982,4210.044881184896,2025-12-26T05:45:00+05:45,5.75,4,1.6283360754685416,0.9978589232386035,0.06540312923014327,-0.433883739117558,-0.9009688679024191,1
2025-12-26 01:00:00+00:00,70.95266672770182,112.14749984741212,47.627333323160805,14.997000042597454,5038.544173177083,2025-12-26T06:45:00+05:45,6.75,4,1.5805959806670202,0.9807852804032304,-0.1950903220161282,-0.433883739117558,-0.9009688679024191,1
2025-12-26 02:00:00+00:00,134.0055000305176,214.62200012207032,48.06900018056234,15.014999945958456,9385.839485677085,2025-12-26T07:45:00+05:45,7.75,4,1.6015909800209216,0.8968727415326884,-0.44228869021900113,-0.433883739117558,-0.9009688679024191,1
2025-12-26 03:00:00+00:00,97.73033345540364,154.57816645304362,45.72700004577637,16.98183339436849,7127.608170572917,2025-12-26T08:45:00+05:45,8.75,4,1.5816805385564434,0.7518398074789774,-0.6593458151000688,-0.433883739117558,-0.9009688679024191,1
2025-12-26 04:00:00+00:00,81.16616694132487,128.44166666666666,40.874000040690106,20.249833361307783,5922.702994791667,2025-12-26T09:45:00+05:45,9.75,4,1.5824532746448075,0.5555702330196025,-0.831469612302545,-0.433883739117558,-0.9009688679024191,1
2025-12-26 05:00:00+00:00,76.31949996948242,122.84433339436848,36.20483328501384,22.908000055948893,5612.952180989584,2025-12-26T10:45:00+05:45,10.75,4,1.6096061091004232,0.32143946530316175,-0.9469301294951056,-0.433883739117558,-0.9009688679024191,1
2025-12-26 06:00:00+00:00,60.21616694132488,96.4699996948242,31.686833318074548,26.370666694641116,4444.758658854167,2025-12-26T11:45:00+05:45,11.75,4,1.6020614495244332,0.06540312923014312,-0.9978589232386035,-0.433883739117558,-0.9009688679024191,0
2025-12-26 07:00:00+00:00,30.853000005086265,48.289499664306646,28.795499960581463,26.77983328501384,2125.666007486979,2025-12-26T12:45:00+05:45,12.75,4,1.5651476244237479,-0.19509032201612792,-0.9807852804032305,-0.433883739117558,-0.9009688679024191,0
2025-12-26 08:00:00+00:00,27.106000010172533,42.48033345540364,29.207333278656005,25.4700000445048,1674.225,2025-12-26T13:45:00+05:45,13.75,4,1.5671929993160671,-0.44228869021900147,-0.8968727415326883,-0.433883739117558,-0.9009688679024191,0
2025-12-26 09:00:00+00:00,27.41199999722568,42.99345481178977,33.655454600941056,23.90272740450772,1726.6599920099432,2025-12-26T14:45:00+05:45,14.75,4,1.5684172922858988,-0.6593458151000688,-0.7518398074789774,-0.433883739117558,-0.9009688679024191,0
2025-12-26 10:00:00+00:00,26.63583342234294,42.34166666666668,34.64016672770182,23.038000106811523,1659.8248311360678,2025-12-26T15:45:00+05:45,15.75,4,1.5896505281171047,-0.8314696123025452,-0.5555702330196022,-0.433883739117558,-0.9009688679024191,0
2025-12-26 11:00:00+00:00,29.621833451588955,46.73850021362305,35.77216676076254,22.21349983215332,1967.3416768391928,2025-12-26T16:45:00+05:45,16.75,4,1.5778395449426825,-0.9469301294951056,-0.3214394653031618,-0.433883739117558,-0.9009688679024191,0
2025-12-26 12:00:00+00:00,31.376750048001607,48.82449989318848,38.06854166984559,20.63950001398722,2171.858878580729,2025-12-26T17:45:00+05:45,17.75,4,1.556072563872756,-0.9978589232386035,-0.06540312923014273,-0.433883739117558,-0.9009688679024191,0
2025-12-26 13:00:00+00:00,34.925333150227864,56.27533315022787,41.71733328501384,19.985833231608076,2571.2973307291672,2025-12-26T18:45:00+05:45,18.75,4,1.6113041186512123,-0.9807852804032304,0.1950903220161283,-0.433883739117558,-0.9009688679024191,0
2025-12-26 14:00:00+00:00,70.60233357747397,115.2081667582194,42.85633322397868,19.61649990081787,5237.716666666667,2025-12-26T19:45:00+05:45,19.75,4,1.6317897854154944,-0.8968727415326884,0.442288690219001,-0.433883739117558,-0.9009688679024191,1
2025-12-26 15:00:00+00:00,86.40266672770183,139.51149978637696,43.92800006866455,18.972166760762533,6376.491829427083,2025-12-26T20:45:00+05:45,20.75,4,1.6146665961832836,-0.7518398074789772,0.6593458151000691,-0.433883739117558,-0.9009688679024191,1
2025-12-26 16:00:00+00:00,114.51100006103516,184.25800018310545,45.42600021362304,18.17316640218099,8363.716503906251,2025-12-26T21:45:00+05:45,21.75,4,1.609085590772019,-0.555570233019603,0.8314696123025447,-0.433883739117558,-0.9009688679024191,1
2025-12-26 17:00:00+00:00,79.11366678873698,127.3918332417806,46.1383331934611,17.63466657002767,5804.625162760417,2025-12-26T22:45:00+05:45,22.75,4,1.610238008332547,-0.32143946530316186,0.9469301294951056,-0.433883739117558,-0.9009688679024191,1
2025-12-26 18:00:00+00:00,72.24966684977214,117.05849990844727,46.81150029500325,17.083999983469642,5330.633658854166,2025-12-26T23:45:00+05:45,23.75,4,1.62019432078276,-0.0654031292301428,0.9978589232386035,-0.433883739117558,-0.9009688679024191,1
2025-12-26 19:00:00+00:00,67.41116663614909,109.69749984741212,47.30066674550375,16.669500096639,4967.180501302084,2025-12-27T00:45:00+05:45,0.75,5,1.627289740281502,0.19509032201612825,0.9807852804032304,-0.9749279121818236,-0.2225209339563146,1
2025-12-26 20:00:00+00:00,66.93899993896484,108.37799987792968,47.72633355458578,16.242666625976565,4929.644986979167,2025-12-27T01:45:00+05:45,1.75,5,1.6190561552570106,0.44228869021900125,0.8968727415326884,-0.9749279121818236,-0.2225209339563146,1
2025-12-26 21:00:00+00:00,56.280833180745454,92.35833333333332,48.23516648610433,15.880166737238566,4143.169661458333,2025-12-27T02:45:00+05:45,2.75,5,1.641026404792645,0.6593458151000688,0.7518398074789774,-0.9749279121818236,-0.2225209339563146,1
2025-12-26 22:00:00+00:00,61.31350021362304,99.9970001220703,48.37066675821939,15.74616681734721,4439.691341145833,2025-12-27T03:45:00+05:45,3.75,5,1.630913253584768,0.8314696123025451,0.5555702330196024,-0.9749279121818236,-0.2225209339563146,1
2025-12-26 23:00:00+00:00,47.77466684977213,78.47183354695638,48.14599997202556,15.472000090281169,3492.036490885417,2025-12-27T04:45:00+05:45,4.75,5,1.6425406752434666,0.9469301294951056,0.3214394653031617,-0.9749279121818236,-0.2225209339563146,1
2025-12-27 00:00:00+00:00,80.55833333333332,134.4361666361491,48.2875,15.153833341598512,5734.642154947916,2025-12-27T05:45:00+05:45,5.75,5,1.6688052132344982,0.9978589232386035,0.06540312923014327,-0.9749279121818236,-0.2225209339563146,1
2025-12-27 01:00:00+00:00,57.29249954223633,93.1336664835612,48.88999996185302,14.945999828974406,4098.355989583334,2025-12-27T06:45:00+05:45,6.75,5,1.6255821831425348,0.9807852804032304,-0.1950903220161282,-0.9749279121818236,-0.2225209339563146,1
2025-12-27 02:00:00+00:00,80.52483342488607,129.77750015258792,48.60483309427897,14.96916659673055,5751.214322916666,2025-12-27T07:45:00+05:45,7.75,5,1.6116456828643422,0.8968727415326884,-0.44228869021900113,-0.9749279121818236,-0.2225209339563146,1
2025-12-27 03:00:00+00:00,101.83349990844728,161.81383336385093,46.21900005340577,16.925999943415324,7419.897656249999,2025-12-27T08:45:00+05:45,8.75,5,1.5890039477119864,0.7518398074789774,-0.6593458151000688,-0.9749279121818236,-0.2225209339563146,1
2025-12-27 04:00:00+00:00,100.15800018310549,159.85533345540364,40.89650001525879,20.554666582743327,7307.39716796875,2025-12-27T09:45:00+05:45,9.75,5,1.5960316017009275,0.5555702330196025,-0.831469612302545,-0.9749279121818236,-0.2225209339563146,1
2025-12-27 05:00:00+00:00,68.56650009155274,110.60800018310547,34.50366687774659,24.675166702270516,5056.583007812499,2025-12-27T10:45:00+05:45,10.75,5,1.6131492789542596,0.32143946530316175,-0.9469301294951056,-0.9749279121818236,-0.2225209339563146,1
2025-12-27 06:00:00+00:00,60.05349960327148,97.15566660563152,29.87050005594889,27.8531665802002,4466.9943359375,2025-12-27T11:45:00+05:45,11.75,5,1.6178185659031743,0.06540312923014312,-0.9978589232386035,-0.9749279121818236,-0.2225209339563146,0
2025-12-27 07:00:00+00:00,41.05136134359572,66.63573580847846,29.258305523130627,27.096291610929697,3005.4490125868056,2025-12-27T12:45:00+05:45,12.75,5,1.6232284052834234,-0.19509032201612792,-0.9807852804032305,-0.9749279121818236,-0.2225209339563146,0
2025-12-27 08:00:00+00:00,29.953333282470705,47.68583348592122,29.82916663487752,25.577999973297118,2008.8694824218744,2025-12-27T13:45:00+05:45,13.75,5,1.592004236597866,-0.44228869021900147,-0.8968727415326883,-0.9749279121818236,-0.2225209339563146,0
2025-12-27 09:00:00+00:00,28.812333483166167,45.645194668240016,31.16948610941569,24.00051372845968,1897.5493696424692,2025-12-27T14:45:00+05:45,14.75,5,1.5842241550795801,-0.6593458151000688,-0.7518398074789774,-0.9749279121818236,-0.2225209339563146,0
2025-12-27 10:00:00+00:00,31.53133322397868,50.72049942016602,32.5271666208903,23.79983326594035,2185.569173177083,2025-12-27T15:45:00+05:45,15.75,5,1.6085745268009957,-0.8314696123025452,-0.5555702330196022,-0.9749279121818236,-0.2225209339563146,0
2025-12-27 11:00:00+00:00,34.1553334236145,54.90783360799154,34.33049977620443,22.758833249409992,2418.7340006510417,2025-12-27T16:45:00+05:45,16.75,5,1.6075917903360026,-0.9469301294951056,-0.3214394653031618,-0.9749279121818236,-0.2225209339563146,0
2025-12-27 12:00:00+00:00,40.45516688028972,64.73949966430663,36.50533364613851,21.47299998601278,3046.2443359375,2025-12-27T17:45:00+05:45,17.75,5,1.6002776568905606,-0.9978589232386035,-0.06540312923014273,-0.9749279121818236,-0.2225209339563146,0
2025-12-27 13:00:00+00:00,63.7913335164388,107.55266672770182,39.42733325958252,20.5646666208903,4781.716666666666,2025-12-27T18:45:00+05:45,18.75,5,1.6860074997489414,-0.9807852804032304,0.1950903220161283,-0.9749279121818236,-0.2225209339563146,1
2025-12-27 14:00:00+00:00,71.72483342488607,116.9300003051758,41.47116661071778,19.870000076293945,5316.8556640625,2025-12-27T19:45:00+05:45,19.75,5,1.630258234445827,-0.8968727415326884,0.442288690219001,-0.9749279121818236,-0.2225209339563146,1
2025-12-27 15:00:00+00:00,112.96933339436848,182.3110000610352,43.6464999516805,19.10916659037272,8263.88916015625,2025-12-27T20:45:00+05:45,20.75,5,1.6138096471243177,-0.7518398074789772,0.6593458151000691,-0.9749279121818236,-0.2225209339563146,1
2025-12-27 16:00:00+00:00,119.14999999999998,194.4836664835612,44.95533339182536,18.39966672261556,8721.43349609375,2025-12-27T21:45:00+05:45,21.75,5,1.6322590556740346,-0.555570233019603,0.8314696123025447,-0.9749279121818236,-0.2225209339563146,1
2025-12-27 17:00:00+00:00,85.40849990844725,138.74749984741212,45.753166707356776,17.706833330790204,6269.364811197916,2025-12-27T22:45:00+05:45,22.75,5,1.624516295171336,-0.32143946530316186,0.9469301294951056,-0.9749279121818236,-0.2225209339563146,1
2025-12-27 18:00:00+00:00,77.47799987792968,125.05616633097328,46.314499855041504,17.25283327102661,5712.886002604167,2025-12-27T23:45:00+05:45,23.75,5,1.6140861473967487,-0.0654031292301428,0.9978589232386035,-0.9749279121818236,-0.2225209339563146,1
2025-12-27 19:00:00+00:00,67.32216669718424,109.78033345540364,47.134166653951006,16.710666815439858,4989.063997395834,2025-12-28T00:45:00+05:45,0.75,6,1.6306714243051124,0.19509032201612825,0.9807852804032304,-0.7818314824680299,0.6234898018587334,1
2025-12-27 20:00:00+00:00,65.20483373006185,105.9581667582194,47.42466653188069,16.3773331006368,4821.294335937499,2025-12-28T01:45:00+05:45,1.75,6,1.6250047841065003,0.44228869021900125,0.8968727415326884,-0.7818314824680299,0.6234898018587334,1
2025-12-27 21:00:00+00:00,59.60316645304363,96.92216669718424,47.47883332570393,16.054666868845622,4374.450162760416,2025-12-28T02:45:00+05:45,2.75,6,1.626124457222271,0.6593458151000688,0.7518398074789774,-0.7818314824680299,0.6234898018587334,1
2025-12-27 22:00:00+00:00,57.21775016784668,93.95233319600425,47.88462514877319,15.775083275636035,4181.682666015625,2025-12-28T03:45:00+05:45,3.75,6,1.6420137618203736,0.8314696123025451,0.5555702330196024,-0.7818314824680299,0.6234898018587334,1
2025-12-27 23:00:00+00:00,54.1581667582194,90.54466654459635,48.17783330281576,15.458333253860474,3928.894498697917,2025-12-28T04:45:00+05:45,4.75,6,1.6718561938925802,0.9469301294951056,0.3214394653031617,-0.7818314824680299,0.6234898018587334,1
2025-12-28 00:00:00+00:00,53.791500091552734,89.08016688028972,48.122166824340816,15.193333498636882,3883.144661458333,2025-12-28T05:45:00+05:45,5.75,6,1.6560268207556201,0.9978589232386035,0.06540312923014327,-0.7818314824680299,0.6234898018587334,1
2025-12-28 01:00:00+00:00,66.55800018310548,108.5004997253418,48.43600006103515,14.99616667429606,4740.877669270833,2025-12-28T06:45:00+05:45,6.75,6,1.630164659798217,0.9807852804032304,-0.1950903220161282,-0.7818314824680299,0.6234898018587334,1
2025-12-28 02:00:00+00:00,79.3779998779297,128.23649978637695,48.84166673024496,15.037666591008508,5652.222330729167,2025-12-28T07:45:00+05:45,7.75,6,1.615516893642868,0.8968727415326884,-0.44228869021900113,-0.7818314824680299,0.6234898018587334,1
2025-12-28 03:00:00+00:00,92.46100006103516,148.09166666666667,46.13583329518636,17.174499988555908,6751.78349609375,2025-12-28T08:45:00+05:45,8.75,6,1.6016662870713998,0.7518398074789774,-0.6593458151000688,-0.7818314824680299,0.6234898018587334,1
2025-12-28 04:00:00+00:00,70.72733357747396,114.17833302815755,40.39183343251546,20.95166670481364,5210.45,2025-12-28T09:45:00+05:45,9.75,6,1.614345222036228,0.5555702330196025,-0.831469612302545,-0.7818314824680299,0.6234898018587334,1
2025-12-28 05:00:00+00:00,90.6229995727539,165.1611671447754,35.451333173116055,24.353833325703945,6716.322656249999,2025-12-28T10:45:00+05:45,10.75,6,1.8225082807172015,0.32143946530316175,-0.9469301294951056,-0.7818314824680299,0.6234898018587334,1
2025-12-28 06:00:00+00:00,65.02166697184245,105.20066630045574,30.83383337656657,27.215333366394045,4784.446842447916,2025-12-28T11:45:00+05:45,11.75,6,1.617932470817962,0.06540312923014312,-0.9978589232386035,-0.7818314824680299,0.6234898018587334,1
2025-12-28 07:00:00+00:00,61.828499603271474,101.188666788737,30.3875,26.57166674931844,4586.644986979167,2025-12-28T12:45:00+05:45,12.75,6,1.6366023344901433,-0.19509032201612792,-0.9807852804032305,-0.7818314824680299,0.6234898018587334,0
2025-12-28 08:00:00+00:00,36.93933308919271,60.91666666666666,29.69516665140788,26.233833249409997,2772.825325520833,2025-12-28T13:45:00+05:45,13.75,6,1.6491003375610203,-0.44228869021900147,-0.8968727415326883,-0.7818314824680299,0.6234898018587334,0
2025-12-28 09:00:00+00:00,38.51716639200846,64.37483342488606,32.35499998728435,24.727666664123536,2899.3473307291665,2025-12-28T14:45:00+05:45,14.75,6,1.6713283830308594,-0.6593458151000688,-0.7518398074789774,-0.7818314824680299,0.6234898018587334,0
2025-12-28 10:00:00+00:00,32.7636666615804,52.70283330281576,34.55766658782959,23.783000087738035,2357.6418334960936,2025-12-28T15:45:00+05:45,15.75,6,1.6085755555746937,-0.8314696123025452,-0.5555702330196022,-0.7818314824680299,0.6234898018587334,0
2025-12-28 11:00:00+00:00,28.340833314259843,45.02483342488606,36.06883335113525,22.734166685740156,1835.8725036621097,2025-12-28T16:45:00+05:45,16.75,6,1.5886912330919916,-0.9469301294951056,-0.3214394653031618,-0.7818314824680299,0.6234898018587334,0
2025-12-28 12:00:00+00:00,41.321500364939375,68.82783330281575,39.01950003306071,21.354833253224687,2986.586159261068,2025-12-28T17:45:00+05:45,17.75,6,1.6656663648451413,-0.9978589232386035,-0.06540312923014273,-0.7818314824680299,0.6234898018587334,0
2025-12-28 13:00:00+00:00,52.3918332417806,83.57483342488607,41.31433334350586,20.418333466847734,3901.0671549479175,2025-12-28T18:45:00+05:45,18.75,6,1.5951881858991364,-0.9807852804032304,0.1950903220161283,-0.7818314824680299,0.6234898018587334,1
2025-12-28 14:00:00+00:00,54.93462543487549,87.87262516021728,42.27920829455058,19.86287492911021,4069.938777669271,2025-12-28T19:45:00+05:45,19.75,6,1.5995854065554609,-0.8968727415326884,0.442288690219001,-0.7818314824680299,0.6234898018587334,1
2025-12-28 15:00:00+00:00,95.99337520599369,153.1266668955485,43.19329136212667,19.199291578928623,7009.758780924479,2025-12-28T20:45:00+05:45,20.75,6,1.5951795274095906,-0.7518398074789772,0.6593458151000691,-0.7818314824680299,0.6234898018587334,1
2025-12-28 16:00:00+00:00,96.2684164683024,154.0513750076294,45.379250033696486,18.35612506866455,7056.123079427082,2025-12-28T21:45:00+05:45,21.75,6,1.6002275788794422,-0.555570233019603,0.8314696123025447,-0.7818314824680299,0.6234898018587334,1
2025-12-28 17:00:00+00:00,75.26933339436849,120.75616633097331,46.44733339945476,17.82050011952718,5545.991829427083,2025-12-28T22:45:00+05:45,22.75,6,1.6043209217528167,-0.32143946530316186,0.9469301294951056,-0.7818314824680299,0.6234898018587334,1
2025-12-28 18:00:00+00:00,72.49116694132486,117.9050003051758,47.08316669464112,17.24300015767415,5357.161328125,2025-12-28T23:45:00+05:45,23.75,6,1.6264740282165604,-0.0654031292301428,0.9978589232386035,-0.7818314824680299,0.6234898018587334,1
2025-12-28 19:00:00+00:00,59.58566691080728,96.41949996948244,47.54199975331625,16.85383326212565,4416.333333333334,2025-12-29T00:45:00+05:45,0.75,0,1.6181659947485538,0.19509032201612825,0.9807852804032304,0.0,1.0,1
2025-12-28 20:00:00+00:00,54.14466654459636,87.51449966430664,47.5951665242513,16.430999883015954,4010.75,2025-12-29T01:45:00+05:45,1.75,0,1.616308775163019,0.44228869021900125,0.8968727415326884,0.0,1.0,1
2025-12-28 21:00:00+00:00,58.77799987792971,94.81333363850912,47.78366661071777,16.07916685740153,4309.02216796875,2025-12-29T02:45:00+05:45,2.75,0,1.6130751954033427,0.6593458151000688,0.7518398074789774,0.0,1.0,1
2025-12-28 22:00:00+00:00,51.8663335164388,84.11699981689453,47.87383327484131,15.814666604995727,3808.085677083333,2025-12-29T03:45:00+05:45,3.75,0,1.6218034727716781,0.8314696123025451,0.5555702330196024,0.0,1.0,1
2025-12-28 23:00:00+00:00,48.54700012207031,79.44466654459636,48.198833211263015,15.515999984741212,3532.883821614584,2025-12-29T04:45:00+05:45,4.75,0,1.6364485209144661,0.9469301294951056,0.3214394653031617,0.0,1.0,1
2025-12-29 00:00:00+00:00,46.28033345540364,75.21383336385092,48.24349988301595,15.269166692097984,3343.250325520833,2025-12-29T05:45:00+05:45,5.75,0,1.625179158147769,0.9978589232386035,0.06540312923014327,0.0,1.0,1
2025-12-29 01:00:00+00:00,69.74400024414061,110.94983342488604,48.45250002543131,15.025166718165076,4961.696842447917,2025-12-29T06:45:00+05:45,6.75,0,1.5908154541824873,0.9807852804032304,-0.1950903220161282,0.0,1.0,1
2025-12-29 02:00:00+00:00,88.51433308919269,139.8776667277018,48.98200009663899,14.96816670099894,6229.15283203125,2025-12-29T07:45:00+05:45,7.75,0,1.5802826711325062,0.8968727415326884,-0.44228869021900113,0.0,1.0,1
2025-12-29 03:00:00+00:00,100.54516626993816,160.24150009155275,46.66950003306071,17.016666682561237,7338.419335937499,2025-12-29T08:45:00+05:45,8.75,0,1.5937265413768886,0.7518398074789774,-0.6593458151000688,0.0,1.0,1
2025-12-29 04:00:00+00:00,83.71350021362305,132.69683354695638,40.75916627248129,20.51300001144409,6125.025651041667,2025-12-29T09:45:00+05:45,9.75,0,1.5851306325543186,0.5555702330196025,-0.831469612302545,0.0,1.0,1
2025-12-29 05:00:00+00:00,76.13099975585936,121.33083318074544,36.29533316294352,23.33149995803833,5605.113509114583,2025-12-29T10:45:00+05:45,10.75,0,1.5937112814731862,0.32143946530316175,-0.9469301294951056,0.0,1.0,1
2025-12-29 06:00:00+00:00,56.172333272298175,89.45583318074544,31.77649997075399,26.738000011444097,4150.986328124999,2025-12-29T11:45:00+05:45,11.75,0,1.592524788797785,0.06540312923014312,-0.9978589232386035,0.0,1.0,0
2025-12-29 07:00:00+00:00,31.403000100453696,49.580999755859374,29.95600007375081,27.146333249409995,2199.6916748046874,2025-12-29T12:45:00+05:45,12.75,0,1.5788618793509175,-0.19509032201612792,-0.9807852804032305,0.0,1.0,0
2025-12-29 08:00:00+00:00,30.89212515354156,48.64250030517579,32.32558336257935,25.3720831712087,2112.3791814168294,2025-12-29T13:45:00+05:45,13.75,0,1.5745922322731258,-0.44228869021900147,-0.8968727415326883,0.0,1.0,0
2025-12-29 09:00:00+00:00,28.350499979654945,44.836166636149095,33.46183344523112,24.283999983469645,1882.035345458984,2025-12-29T14:45:00+05:45,14.75,0,1.5814947414798572,-0.6593458151000688,-0.7518398074789774,0.0,1.0,0
2025-12-29 10:00:00+00:00,35.338833268483484,56.858000183105474,34.827999877929685,23.292166773478183,2506.253159586589,2025-12-29T15:45:00+05:45,15.75,0,1.6089382394470166,-0.8314696123025452,-0.5555702330196022,0.0,1.0,0
